a,a,ğŸ…°ï¸
a,a,ğŸ…°ï¸
aa,a a,ğŸ…°ï¸ğŸ…°ï¸
aaa,a a a,ğŸ…°ï¸ğŸ…°ï¸ğŸ…°ï¸
aai,a a i,ğŸ…°ï¸ğŸ…°ï¸â„¹ï¸
aai,a a i,ğŸ…°ï¸ğŸ…°ï¸â„¹ï¸
aaibaar,a a i b a a r,ğŸ…°ï¸ğŸ…°ï¸â„¹ï¸ğŸ…±ï¸ğŸ…°ï¸ğŸ…°ï¸Â®ï¸
aaiing,a a i i ng,ğŸ…°ï¸ğŸ…°ï¸â„¹ï¸â„¹ï¸ğŸ†–
aam,a a m,ğŸ…°ï¸ğŸ…°ï¸â™
aam,a a m,ğŸ…°ï¸ğŸ…°ï¸â™
aanging,a a ng i ng,ğŸ…°ï¸ğŸ…°ï¸ğŸ†–â„¹ï¸ğŸ†–
aap,a a p,ğŸ…°ï¸ğŸ…°ï¸ğŸ…¿ï¸
aap,a a p,ğŸ…°ï¸ğŸ…°ï¸ğŸ…¿ï¸
aar,a a r,ğŸ…°ï¸ğŸ…°ï¸Â®ï¸
aaron,a a r on,ğŸ…°ï¸ğŸ…°ï¸Â®ï¸ğŸ”›
aars,a a r s,ğŸ…°ï¸ğŸ…°ï¸Â®ï¸ğŸ’²
aas,a a s,ğŸ…°ï¸ğŸ…°ï¸ğŸ’²
aas,a a s,ğŸ…°ï¸ğŸ…°ï¸ğŸ’²
ab,ab,ğŸ†
ab,ab,ğŸ†
abaci,ab a c i,ğŸ†ğŸ…°ï¸Â©ï¸â„¹ï¸
abba,ab b a,ğŸ†ğŸ…±ï¸ğŸ…°ï¸
abbas,ab b a s,ğŸ†ğŸ…±ï¸ğŸ…°ï¸ğŸ’²
abbassi,ab b a s s i,ğŸ†ğŸ…±ï¸ğŸ…°ï¸ğŸ’²ğŸ’²â„¹ï¸
abbing,ab b i ng,ğŸ†ğŸ…±ï¸â„¹ï¸ğŸ†–
abbo,ab b o,ğŸ†ğŸ…±ï¸ğŸ…¾ï¸
abbring,ab b r i ng,ğŸ†ğŸ…±ï¸Â®ï¸â„¹ï¸ğŸ†–
abc,abc,ğŸ”¤
abida,ab id a,ğŸ†ğŸ†”ğŸ…°ï¸
abma,ab m a,ğŸ†â™ğŸ…°ï¸
abom,ab o m,ğŸ†ğŸ…¾ï¸â™
abp,ab p,ğŸ†ğŸ…¿ï¸
abram,ab r a m,ğŸ†Â®ï¸ğŸ…°ï¸â™
abri,ab r i,ğŸ†Â®ï¸â„¹ï¸
abscis,ab s c i s,ğŸ†ğŸ’²Â©ï¸â„¹ï¸ğŸ’²
acacia,a c a c i a,ğŸ…°ï¸Â©ï¸ğŸ…°ï¸Â©ï¸â„¹ï¸ğŸ…°ï¸
accra,a c c r a,ğŸ…°ï¸Â©ï¸Â©ï¸Â®ï¸ğŸ…°ï¸
accraas,a c c r a a s,ğŸ…°ï¸Â©ï¸Â©ï¸Â®ï¸ğŸ…°ï¸ğŸ…°ï¸ğŸ’²
acid,a c id,ğŸ…°ï¸Â©ï¸ğŸ†”
ai,a i,ğŸ…°ï¸â„¹ï¸
ai,a i,ğŸ…°ï¸â„¹ï¸
aida,a id a,ğŸ…°ï¸ğŸ†”ğŸ…°ï¸
aids,a id s,ğŸ…°ï¸ğŸ†”ğŸ’²
aids,a id s,ğŸ…°ï¸ğŸ†”ğŸ’²
aio,a i o,ğŸ…°ï¸â„¹ï¸ğŸ…¾ï¸
aipassa,a i p a s s a,ğŸ…°ï¸â„¹ï¸ğŸ…¿ï¸ğŸ…°ï¸ğŸ’²ğŸ’²ğŸ…°ï¸
air,a i r,ğŸ…°ï¸â„¹ï¸Â®ï¸
airco,a i r c o,ğŸ…°ï¸â„¹ï¸Â®ï¸Â©ï¸ğŸ…¾ï¸
am,a m,ğŸ…°ï¸â™
ama,a m a,ğŸ…°ï¸â™ğŸ…°ï¸
amai,a m a i,ğŸ…°ï¸â™ğŸ…°ï¸â„¹ï¸
amar,a m a r,ğŸ…°ï¸â™ğŸ…°ï¸Â®ï¸
amara,a m a r a,ğŸ…°ï¸â™ğŸ…°ï¸Â®ï¸ğŸ…°ï¸
ambo,a m b o,ğŸ…°ï¸â™ğŸ…±ï¸ğŸ…¾ï¸
ambon,a m b on,ğŸ…°ï¸â™ğŸ…±ï¸ğŸ”›
ambras,a m b r a s,ğŸ…°ï¸â™ğŸ…±ï¸Â®ï¸ğŸ…°ï¸ğŸ’²
ambrosia,a m b r o s i a,ğŸ…°ï¸â™ğŸ…±ï¸Â®ï¸ğŸ…¾ï¸ğŸ’²â„¹ï¸ğŸ…°ï¸
amc,a m c,ğŸ…°ï¸â™Â©ï¸
amir,a m i r,ğŸ…°ï¸â™â„¹ï¸Â®ï¸
amira,a m i r a,ğŸ…°ï¸â™â„¹ï¸Â®ï¸ğŸ…°ï¸
amiri,a m i r i,ğŸ…°ï¸â™â„¹ï¸Â®ï¸â„¹ï¸
ammar,a m m a r,ğŸ…°ï¸â™â™ğŸ…°ï¸Â®ï¸
ammonia,a m m on i a,ğŸ…°ï¸â™â™ğŸ”›â„¹ï¸ğŸ…°ï¸
amok,a m ok,ğŸ…°ï¸â™ğŸ†—
amon,a m on,ğŸ…°ï¸â™ğŸ”›
amor,a m o r,ğŸ…°ï¸â™ğŸ…¾ï¸Â®ï¸
amos,a m o s,ğŸ…°ï¸â™ğŸ…¾ï¸ğŸ’²
amr,a m r,ğŸ…°ï¸â™Â®ï¸
amri,a m r i,ğŸ…°ï¸â™Â®ï¸â„¹ï¸
amro,a m r o,ğŸ…°ï¸â™Â®ï¸ğŸ…¾ï¸
ams,a m s,ğŸ…°ï¸â™ğŸ’²
amsoi,a m s o i,ğŸ…°ï¸â™ğŸ’²ğŸ…¾ï¸â„¹ï¸
ang,a ng,ğŸ…°ï¸ğŸ†–
angisas,a ng i s a s,ğŸ…°ï¸ğŸ†–â„¹ï¸ğŸ’²ğŸ…°ï¸ğŸ’²
angora,a ng o r a,ğŸ…°ï¸ğŸ†–ğŸ…¾ï¸Â®ï¸ğŸ…°ï¸
aob,a o b,ğŸ…°ï¸ğŸ…¾ï¸ğŸ…±ï¸
api,a p i,ğŸ…°ï¸ğŸ…¿ï¸â„¹ï¸
apia,a p i a,ğŸ…°ï¸ğŸ…¿ï¸â„¹ï¸ğŸ…°ï¸
apion,a p i on,ğŸ…°ï¸ğŸ…¿ï¸â„¹ï¸ğŸ”›
apis,a p i s,ğŸ…°ï¸ğŸ…¿ï¸â„¹ï¸ğŸ’²
apon,a p on,ğŸ…°ï¸ğŸ…¿ï¸ğŸ”›
apsis,a p s i s,ğŸ…°ï¸ğŸ…¿ï¸ğŸ’²â„¹ï¸ğŸ’²
ar,a r,ğŸ…°ï¸Â®ï¸
ara,a r a,ğŸ…°ï¸Â®ï¸ğŸ…°ï¸
ara,a r a,ğŸ…°ï¸Â®ï¸ğŸ…°ï¸
arab,a r ab,ğŸ…°ï¸Â®ï¸ğŸ†
aram,a r a m,ğŸ…°ï¸Â®ï¸ğŸ…°ï¸â™
aras,a r a s,ğŸ…°ï¸Â®ï¸ğŸ…°ï¸ğŸ’²
arbib,a r b i b,ğŸ…°ï¸Â®ï¸ğŸ…±ï¸â„¹ï¸ğŸ…±ï¸
arbo,a r b o,ğŸ…°ï¸Â®ï¸ğŸ…±ï¸ğŸ…¾ï¸
arco,a r c o,ğŸ…°ï¸Â®ï¸Â©ï¸ğŸ…¾ï¸
arend,a r end,ğŸ…°ï¸Â®ï¸ğŸ”š
arend,a r end,ğŸ…°ï¸Â®ï¸ğŸ”š
arends,a r end s,ğŸ…°ï¸Â®ï¸ğŸ”šğŸ’²
ari,a r i,ğŸ…°ï¸Â®ï¸â„¹ï¸
aria,a r i a,ğŸ…°ï¸Â®ï¸â„¹ï¸ğŸ…°ï¸
arion,a r i on,ğŸ…°ï¸Â®ï¸â„¹ï¸ğŸ”›
aris,a r i s,ğŸ…°ï¸Â®ï¸â„¹ï¸ğŸ’²
arm,a r m,ğŸ…°ï¸Â®ï¸â™
arm,a r m,ğŸ…°ï¸Â®ï¸â™
arob,a r o b,ğŸ…°ï¸Â®ï¸ğŸ…¾ï¸ğŸ…±ï¸
aroma,a r o m a,ğŸ…°ï¸Â®ï¸ğŸ…¾ï¸â™ğŸ…°ï¸
aron,a r on,ğŸ…°ï¸Â®ï¸ğŸ”›
aroom,a r o o m,ğŸ…°ï¸Â®ï¸ğŸ…¾ï¸ğŸ…¾ï¸â™
arp,a r p,ğŸ…°ï¸Â®ï¸ğŸ…¿ï¸
arron,a r r on,ğŸ…°ï¸Â®ï¸Â®ï¸ğŸ”›
ars,a r s,ğŸ…°ï¸Â®ï¸ğŸ’²
as,a s,ğŸ…°ï¸ğŸ’²
ascii,a s c i i,ğŸ…°ï¸ğŸ’²Â©ï¸â„¹ï¸â„¹ï¸
asia,a s i a,ğŸ…°ï¸ğŸ’²â„¹ï¸ğŸ…°ï¸
asic,a s i c,ğŸ…°ï¸ğŸ’²â„¹ï¸Â©ï¸
asim,a s i m,ğŸ…°ï¸ğŸ’²â„¹ï¸â™
asma,a s m a,ğŸ…°ï¸ğŸ’²â™ğŸ…°ï¸
asmara,a s m a r a,ğŸ…°ï¸ğŸ’²â™ğŸ…°ï¸Â®ï¸ğŸ…°ï¸
aso,a s o,ğŸ…°ï¸ğŸ’²ğŸ…¾ï¸
asos,a sos,ğŸ…°ï¸ğŸ†˜
aspic,a s p i c,ğŸ…°ï¸ğŸ’²ğŸ…¿ï¸â„¹ï¸Â©ï¸
assia,a s s i a,ğŸ…°ï¸ğŸ’²ğŸ’²â„¹ï¸ğŸ…°ï¸
assisi,a s s i s i,ğŸ…°ï¸ğŸ’²ğŸ’²â„¹ï¸ğŸ’²â„¹ï¸
astma,a s tm a,ğŸ…°ï¸ğŸ’²ï»¿â„¢ï¸ğŸ…°ï¸
auping,a up i ng,ğŸ…°ï¸ğŸ†™â„¹ï¸ğŸ†–
b,b,ğŸ…±ï¸
ba,b a,ğŸ…±ï¸ğŸ…°ï¸
ba,b a,ğŸ…±ï¸ğŸ…°ï¸
baai,b a a i,ğŸ…±ï¸ğŸ…°ï¸ğŸ…°ï¸â„¹ï¸
baar,b a a r,ğŸ…±ï¸ğŸ…°ï¸ğŸ…°ï¸Â®ï¸
baar,b a a r,ğŸ…±ï¸ğŸ…°ï¸ğŸ…°ï¸Â®ï¸
baar,b a a r,ğŸ…±ï¸ğŸ…°ï¸ğŸ…°ï¸Â®ï¸
baarends,b a a r end s,ğŸ…±ï¸ğŸ…°ï¸ğŸ…°ï¸Â®ï¸ğŸ”šğŸ’²
baars,b a a r s,ğŸ…±ï¸ğŸ…°ï¸ğŸ…°ï¸Â®ï¸ğŸ’²
baarsma,b a a r s m a,ğŸ…±ï¸ğŸ…°ï¸ğŸ…°ï¸Â®ï¸ğŸ’²â™ğŸ…°ï¸
baas,b a a s,ğŸ…±ï¸ğŸ…°ï¸ğŸ…°ï¸ğŸ’²
baas,b a a s,ğŸ…±ï¸ğŸ…°ï¸ğŸ…°ï¸ğŸ’²
bab,b ab,ğŸ…±ï¸ğŸ†
baba,b ab a,ğŸ…±ï¸ğŸ†ğŸ…°ï¸
babi,b ab i,ğŸ…±ï¸ğŸ†â„¹ï¸
babok,b ab ok,ğŸ…±ï¸ğŸ†ğŸ†—
babs,b ab s,ğŸ…±ï¸ğŸ†ğŸ’²
bac,b a c,ğŸ…±ï¸ğŸ…°ï¸Â©ï¸
back,back,ğŸ”™
back,back,ğŸ”™
backing,back i ng,ğŸ”™â„¹ï¸ğŸ†–
backroom,back r o o m,ğŸ”™Â®ï¸ğŸ…¾ï¸ğŸ…¾ï¸â™
backup,back up,ğŸ”™ğŸ†™
backups,back up s,ğŸ”™ğŸ†™ğŸ’²
baco,b a c o,ğŸ…±ï¸ğŸ…°ï¸Â©ï¸ğŸ…¾ï¸
bacon,b a c on,ğŸ…±ï¸ğŸ…°ï¸Â©ï¸ğŸ”›
bais,b a i s,ğŸ…±ï¸ğŸ…°ï¸â„¹ï¸ğŸ’²
bam,b a m,ğŸ…±ï¸ğŸ…°ï¸â™
bama,b a m a,ğŸ…±ï¸ğŸ…°ï¸â™ğŸ…°ï¸
bamba,b a m b a,ğŸ…±ï¸ğŸ…°ï¸â™ğŸ…±ï¸ğŸ…°ï¸
bami,b a m i,ğŸ…±ï¸ğŸ…°ï¸â™â„¹ï¸
bamis,b a m i s,ğŸ…±ï¸ğŸ…°ï¸â™â„¹ï¸ğŸ’²
bang,b a ng,ğŸ…±ï¸ğŸ…°ï¸ğŸ†–
banga,b a ng a,ğŸ…±ï¸ğŸ…°ï¸ğŸ†–ğŸ…°ï¸
bangma,b a ng m a,ğŸ…±ï¸ğŸ…°ï¸ğŸ†–â™ğŸ…°ï¸
bao,b a o,ğŸ…±ï¸ğŸ…°ï¸ğŸ…¾ï¸
baobab,b a o b ab,ğŸ…±ï¸ğŸ…°ï¸ğŸ…¾ï¸ğŸ…±ï¸ğŸ†
bar,b a r,ğŸ…±ï¸ğŸ…°ï¸Â®ï¸
bar,b a r,ğŸ…±ï¸ğŸ…°ï¸Â®ï¸
bara,b a r a,ğŸ…±ï¸ğŸ…°ï¸Â®ï¸ğŸ…°ï¸
barbaar,b a r b a a r,ğŸ…±ï¸ğŸ…°ï¸Â®ï¸ğŸ…±ï¸ğŸ…°ï¸ğŸ…°ï¸Â®ï¸
barbaars,b a r b a a r s,ğŸ…±ï¸ğŸ…°ï¸Â®ï¸ğŸ…±ï¸ğŸ…°ï¸ğŸ…°ï¸Â®ï¸ğŸ’²
barbara,b a r b a r a,ğŸ…±ï¸ğŸ…°ï¸Â®ï¸ğŸ…±ï¸ğŸ…°ï¸Â®ï¸ğŸ…°ï¸
barbarendom,b a r b a r end o m,ğŸ…±ï¸ğŸ…°ï¸Â®ï¸ğŸ…±ï¸ğŸ…°ï¸Â®ï¸ğŸ”šğŸ…¾ï¸â™
barend,b a r end,ğŸ…±ï¸ğŸ…°ï¸Â®ï¸ğŸ”š
baring,b a r i ng,ğŸ…±ï¸ğŸ…°ï¸Â®ï¸â„¹ï¸ğŸ†–
baring,b a r i ng,ğŸ…±ï¸ğŸ…°ï¸Â®ï¸â„¹ï¸ğŸ†–
baris,b a r i s,ğŸ…±ï¸ğŸ…°ï¸Â®ï¸â„¹ï¸ğŸ’²
barok,b a r ok,ğŸ…±ï¸ğŸ…°ï¸Â®ï¸ğŸ†—
barok,b a r ok,ğŸ…±ï¸ğŸ…°ï¸Â®ï¸ğŸ†—
baron,b a r on,ğŸ…±ï¸ğŸ…°ï¸Â®ï¸ğŸ”›
baroscoop,b a r o s c o o p,ğŸ…±ï¸ğŸ…°ï¸Â®ï¸ğŸ…¾ï¸ğŸ’²Â©ï¸ğŸ…¾ï¸ğŸ…¾ï¸ğŸ…¿ï¸
barron,b a r r on,ğŸ…±ï¸ğŸ…°ï¸Â®ï¸Â®ï¸ğŸ”›
barroso,b a r r o s o,ğŸ…±ï¸ğŸ…°ï¸Â®ï¸Â®ï¸ğŸ…¾ï¸ğŸ’²ğŸ…¾ï¸
bars,b a r s,ğŸ…±ï¸ğŸ…°ï¸Â®ï¸ğŸ’²
bas,b a s,ğŸ…±ï¸ğŸ…°ï¸ğŸ’²
bas,b a s,ğŸ…±ï¸ğŸ…°ï¸ğŸ’²
bas,b a s,ğŸ…±ï¸ğŸ…°ï¸ğŸ’²
basaria,b a s a r i a,ğŸ…±ï¸ğŸ…°ï¸ğŸ’²ğŸ…°ï¸Â®ï¸â„¹ï¸ğŸ…°ï¸
basic,b a s i c,ğŸ…±ï¸ğŸ…°ï¸ğŸ’²â„¹ï¸Â©ï¸
basic,b a s i c,ğŸ…±ï¸ğŸ…°ï¸ğŸ’²â„¹ï¸Â©ï¸
basis,b a s i s,ğŸ…±ï¸ğŸ…°ï¸ğŸ’²â„¹ï¸ğŸ’²
bass,b a s s,ğŸ…±ï¸ğŸ…°ï¸ğŸ’²ğŸ’²
bassa,b a s s a,ğŸ…±ï¸ğŸ…°ï¸ğŸ’²ğŸ’²ğŸ…°ï¸
basso,b a s s o,ğŸ…±ï¸ğŸ…°ï¸ğŸ’²ğŸ’²ğŸ…¾ï¸
bbc,b b c,ğŸ…±ï¸ğŸ…±ï¸Â©ï¸
bbp,b b p,ğŸ…±ï¸ğŸ…±ï¸ğŸ…¿ï¸
bbp,b b p,ğŸ…±ï¸ğŸ…±ï¸ğŸ…¿ï¸
bcc,b c c,ğŸ…±ï¸Â©ï¸Â©ï¸
benda,b end a,ğŸ…±ï¸ğŸ”šğŸ…°ï¸
bendir,b end i r,ğŸ…±ï¸ğŸ”šâ„¹ï¸Â®ï¸
bendirs,b end i r s,ğŸ…±ï¸ğŸ”šâ„¹ï¸Â®ï¸ğŸ’²
bi,b i,ğŸ…±ï¸â„¹ï¸
bias,b i a s,ğŸ…±ï¸â„¹ï¸ğŸ…°ï¸ğŸ’²
bib,b i b,ğŸ…±ï¸â„¹ï¸ğŸ…±ï¸
bibi,b i b i,ğŸ…±ï¸â„¹ï¸ğŸ…±ï¸â„¹ï¸
bibo,b i b o,ğŸ…±ï¸â„¹ï¸ğŸ…±ï¸ğŸ…¾ï¸
bibs,b i b s,ğŸ…±ï¸â„¹ï¸ğŸ…±ï¸ğŸ’²
bic,b i c,ğŸ…±ï¸â„¹ï¸Â©ï¸
bid,b id,ğŸ…±ï¸ğŸ†”
bid,b id,ğŸ…±ï¸ğŸ†”
bidon,b id on,ğŸ…±ï¸ğŸ†”ğŸ”›
bima,b i m a,ğŸ…±ï¸â„¹ï¸â™ğŸ…°ï¸
bimas,b i m a s,ğŸ…±ï¸â„¹ï¸â™ğŸ…°ï¸ğŸ’²
bimbam,b i m b a m,ğŸ…±ï¸â„¹ï¸â™ğŸ…±ï¸ğŸ…°ï¸â™
bing,b i ng,ğŸ…±ï¸â„¹ï¸ğŸ†–
bingo,b i ng o,ğŸ…±ï¸â„¹ï¸ğŸ†–ğŸ…¾ï¸
bio,b i o,ğŸ…±ï¸â„¹ï¸ğŸ…¾ï¸
biomassa,b i o m a s s a,ğŸ…±ï¸â„¹ï¸ğŸ…¾ï¸â™ğŸ…°ï¸ğŸ’²ğŸ’²ğŸ…°ï¸
biopic,b i o p i c,ğŸ…±ï¸â„¹ï¸ğŸ…¾ï¸ğŸ…¿ï¸â„¹ï¸Â©ï¸
bios,b i o s,ğŸ…±ï¸â„¹ï¸ğŸ…¾ï¸ğŸ’²
bios,b i o s,ğŸ…±ï¸â„¹ï¸ğŸ…¾ï¸ğŸ’²
bioscoop,b i o s c o o p,ğŸ…±ï¸â„¹ï¸ğŸ…¾ï¸ğŸ’²Â©ï¸ğŸ…¾ï¸ğŸ…¾ï¸ğŸ…¿ï¸
bips,b i p s,ğŸ…±ï¸â„¹ï¸ğŸ…¿ï¸ğŸ’²
birambis,b i r a m b i s,ğŸ…±ï¸â„¹ï¸Â®ï¸ğŸ…°ï¸â™ğŸ…±ï¸â„¹ï¸ğŸ’²
birma,b i r m a,ğŸ…±ï¸â„¹ï¸Â®ï¸â™ğŸ…°ï¸
bis,b i s,ğŸ…±ï¸â„¹ï¸ğŸ’²
bisam,b i s a m,ğŸ…±ï¸â„¹ï¸ğŸ’²ğŸ…°ï¸â™
bisram,b i s r a m,ğŸ…±ï¸â„¹ï¸ğŸ’²Â®ï¸ğŸ…°ï¸â™
bitmap,b i tm a p,ğŸ…±ï¸â„¹ï¸ï»¿â„¢ï¸ğŸ…°ï¸ğŸ…¿ï¸
bmc,b m c,ğŸ…±ï¸â™Â©ï¸
bo,b o,ğŸ…±ï¸ğŸ…¾ï¸
boa,b o a,ğŸ…±ï¸ğŸ…¾ï¸ğŸ…°ï¸
boas,b o a s,ğŸ…±ï¸ğŸ…¾ï¸ğŸ…°ï¸ğŸ’²
bob,b o b,ğŸ…±ï¸ğŸ…¾ï¸ğŸ…±ï¸
bob,b o b,ğŸ…±ï¸ğŸ…¾ï¸ğŸ…±ï¸
bob,b o b,ğŸ…±ï¸ğŸ…¾ï¸ğŸ…±ï¸
bobbi,b o b b i,ğŸ…±ï¸ğŸ…¾ï¸ğŸ…±ï¸ğŸ…±ï¸â„¹ï¸
bobo,b o b o,ğŸ…±ï¸ğŸ…¾ï¸ğŸ…±ï¸ğŸ…¾ï¸
bobs,b o b s,ğŸ…±ï¸ğŸ…¾ï¸ğŸ…±ï¸ğŸ’²
boi,b o i,ğŸ…±ï¸ğŸ…¾ï¸â„¹ï¸
bok,b ok,ğŸ…±ï¸ğŸ†—
bok,b ok,ğŸ…±ï¸ğŸ†—
bokma,b ok m a,ğŸ…±ï¸ğŸ†—â™ğŸ…°ï¸
boks,b ok s,ğŸ…±ï¸ğŸ†—ğŸ’²
boks,b ok s,ğŸ…±ï¸ğŸ†—ğŸ’²
bom,b o m,ğŸ…±ï¸ğŸ…¾ï¸â™
bom,b o m,ğŸ…±ï¸ğŸ…¾ï¸â™
bomas,b o m a s,ğŸ…±ï¸ğŸ…¾ï¸â™ğŸ…°ï¸ğŸ’²
bombam,b o m b a m,ğŸ…±ï¸ğŸ…¾ï¸â™ğŸ…±ï¸ğŸ…°ï¸â™
bomma,b o m m a,ğŸ…±ï¸ğŸ…¾ï¸â™â™ğŸ…°ï¸
bompa,b o m p a,ğŸ…±ï¸ğŸ…¾ï¸â™ğŸ…¿ï¸ğŸ…°ï¸
bon,b on,ğŸ…±ï¸ğŸ”›
bonbon,b on b on,ğŸ…±ï¸ğŸ”›ğŸ…±ï¸ğŸ”›
boni,b on i,ğŸ…±ï¸ğŸ”›â„¹ï¸
boni,b on i,ğŸ…±ï¸ğŸ”›â„¹ï¸
bono,b on o,ğŸ…±ï¸ğŸ”›ğŸ…¾ï¸
bono,b on o,ğŸ…±ï¸ğŸ”›ğŸ…¾ï¸
bonobo,b on o b o,ğŸ…±ï¸ğŸ”›ğŸ…¾ï¸ğŸ…±ï¸ğŸ…¾ï¸
bons,b on s,ğŸ…±ï¸ğŸ”›ğŸ’²
bons,b on s,ğŸ…±ï¸ğŸ”›ğŸ’²
bonsai,b on s a i,ğŸ…±ï¸ğŸ”›ğŸ’²ğŸ…°ï¸â„¹ï¸
booi,b o o i,ğŸ…±ï¸ğŸ…¾ï¸ğŸ…¾ï¸â„¹ï¸
boom,b o o m,ğŸ…±ï¸ğŸ…¾ï¸ğŸ…¾ï¸â™
boom,b o o m,ğŸ…±ï¸ğŸ…¾ï¸ğŸ…¾ï¸â™
boom,b o o m,ğŸ…±ï¸ğŸ…¾ï¸ğŸ…¾ï¸â™
boomaars,b o o m a a r s,ğŸ…±ï¸ğŸ…¾ï¸ğŸ…¾ï¸â™ğŸ…°ï¸ğŸ…°ï¸Â®ï¸ğŸ’²
boomboas,b o o m b o a s,ğŸ…±ï¸ğŸ…¾ï¸ğŸ…¾ï¸â™ğŸ…±ï¸ğŸ…¾ï¸ğŸ…°ï¸ğŸ’²
booming,b o o m i ng,ğŸ…±ï¸ğŸ…¾ï¸ğŸ…¾ï¸â™â„¹ï¸ğŸ†–
boommos,b o o m m o s,ğŸ…±ï¸ğŸ…¾ï¸ğŸ…¾ï¸â™â™ğŸ…¾ï¸ğŸ’²
booms,b o o m s,ğŸ…±ï¸ğŸ…¾ï¸ğŸ…¾ï¸â™ğŸ’²
boomsma,b o o m s m a,ğŸ…±ï¸ğŸ…¾ï¸ğŸ…¾ï¸â™ğŸ’²â™ğŸ…°ï¸
boomtop,b o o m top,ğŸ…±ï¸ğŸ…¾ï¸ğŸ…¾ï¸â™ğŸ”
boon,b o on,ğŸ…±ï¸ğŸ…¾ï¸ğŸ”›
boons,b o on s,ğŸ…±ï¸ğŸ…¾ï¸ğŸ”›ğŸ’²
boor,b o o r,ğŸ…±ï¸ğŸ…¾ï¸ğŸ…¾ï¸Â®ï¸
boor,b o o r,ğŸ…±ï¸ğŸ…¾ï¸ğŸ…¾ï¸Â®ï¸
booras,b o o r a s,ğŸ…±ï¸ğŸ…¾ï¸ğŸ…¾ï¸Â®ï¸ğŸ…°ï¸ğŸ’²
boorsma,b o o r s m a,ğŸ…±ï¸ğŸ…¾ï¸ğŸ…¾ï¸Â®ï¸ğŸ’²â™ğŸ…°ï¸
boos,b o o s,ğŸ…±ï¸ğŸ…¾ï¸ğŸ…¾ï¸ğŸ’²
boos,b o o s,ğŸ…±ï¸ğŸ…¾ï¸ğŸ…¾ï¸ğŸ’²
bor,b o r,ğŸ…±ï¸ğŸ…¾ï¸Â®ï¸
bora,b o r a,ğŸ…±ï¸ğŸ…¾ï¸Â®ï¸ğŸ…°ï¸
boring,b o r i ng,ğŸ…±ï¸ğŸ…¾ï¸Â®ï¸â„¹ï¸ğŸ†–
boris,b o r i s,ğŸ…±ï¸ğŸ…¾ï¸Â®ï¸â„¹ï¸ğŸ’²
borm,b o r m,ğŸ…±ï¸ğŸ…¾ï¸Â®ï¸â™
borra,b o r r a,ğŸ…±ï¸ğŸ…¾ï¸Â®ï¸Â®ï¸ğŸ…°ï¸
borsboom,b o r s b o o m,ğŸ…±ï¸ğŸ…¾ï¸Â®ï¸ğŸ’²ğŸ…±ï¸ğŸ…¾ï¸ğŸ…¾ï¸â™
bos,b o s,ğŸ…±ï¸ğŸ…¾ï¸ğŸ’²
bos,b o s,ğŸ…±ï¸ğŸ…¾ï¸ğŸ’²
boscross,b o s c r o s s,ğŸ…±ï¸ğŸ…¾ï¸ğŸ’²Â©ï¸Â®ï¸ğŸ…¾ï¸ğŸ’²ğŸ’²
bosma,b o s m a,ğŸ…±ï¸ğŸ…¾ï¸ğŸ’²â™ğŸ…°ï¸
boson,b o s on,ğŸ…±ï¸ğŸ…¾ï¸ğŸ’²ğŸ”›
bospop,b o s p o p,ğŸ…±ï¸ğŸ…¾ï¸ğŸ’²ğŸ…¿ï¸ğŸ…¾ï¸ğŸ…¿ï¸
boss,b o s s,ğŸ…±ï¸ğŸ…¾ï¸ğŸ’²ğŸ’²
botma,b o tm a,ğŸ…±ï¸ğŸ…¾ï¸ï»¿â„¢ï¸ğŸ…°ï¸
botmassa,b o tm a s s a,ğŸ…±ï¸ğŸ…¾ï¸ï»¿â„¢ï¸ğŸ…°ï¸ğŸ’²ğŸ’²ğŸ…°ï¸
bpm,b p m,ğŸ…±ï¸ğŸ…¿ï¸â™
bps,b p s,ğŸ…±ï¸ğŸ…¿ï¸ğŸ’²
braai,b r a a i,ğŸ…±ï¸Â®ï¸ğŸ…°ï¸ğŸ…°ï¸â„¹ï¸
braam,b r a a m,ğŸ…±ï¸Â®ï¸ğŸ…°ï¸ğŸ…°ï¸â™
braam,b r a a m,ğŸ…±ï¸Â®ï¸ğŸ…°ï¸ğŸ…°ï¸â™
braams,b r a a m s,ğŸ…±ï¸Â®ï¸ğŸ…°ï¸ğŸ…°ï¸â™ğŸ’²
braas,b r a a s,ğŸ…±ï¸Â®ï¸ğŸ…°ï¸ğŸ…°ï¸ğŸ’²
brabo,b r ab o,ğŸ…±ï¸Â®ï¸ğŸ†ğŸ…¾ï¸
brabos,b r ab o s,ğŸ…±ï¸Â®ï¸ğŸ†ğŸ…¾ï¸ğŸ’²
bram,b r a m,ğŸ…±ï¸Â®ï¸ğŸ…°ï¸â™
brama,b r a m a,ğŸ…±ï¸Â®ï¸ğŸ…°ï¸â™ğŸ…°ï¸
bramra,b r a m r a,ğŸ…±ï¸Â®ï¸ğŸ…°ï¸â™Â®ï¸ğŸ…°ï¸
brams,b r a m s,ğŸ…±ï¸Â®ï¸ğŸ…°ï¸â™ğŸ’²
bras,b r a s,ğŸ…±ï¸Â®ï¸ğŸ…°ï¸ğŸ’²
brasas,b r a s a s,ğŸ…±ï¸Â®ï¸ğŸ…°ï¸ğŸ’²ğŸ…°ï¸ğŸ’²
brenda,b r end a,ğŸ…±ï¸Â®ï¸ğŸ”šğŸ…°ï¸
brio,b r i o,ğŸ…±ï¸Â®ï¸â„¹ï¸ğŸ…¾ï¸
brioni,b r i on i,ğŸ…±ï¸Â®ï¸â„¹ï¸ğŸ”›â„¹ï¸
brok,b r ok,ğŸ…±ï¸Â®ï¸ğŸ†—
brok,b r ok,ğŸ…±ï¸Â®ï¸ğŸ†—
broks,b r ok s,ğŸ…±ï¸Â®ï¸ğŸ†—ğŸ’²
brom,b r o m,ğŸ…±ï¸Â®ï¸ğŸ…¾ï¸â™
brom,b r o m,ğŸ…±ï¸Â®ï¸ğŸ…¾ï¸â™
bron,b r on,ğŸ…±ï¸Â®ï¸ğŸ”›
brons,b r on s,ğŸ…±ï¸Â®ï¸ğŸ”›ğŸ’²
brooks,b r o ok s,ğŸ…±ï¸Â®ï¸ğŸ…¾ï¸ğŸ†—ğŸ’²
broom,b r o o m,ğŸ…±ï¸Â®ï¸ğŸ…¾ï¸ğŸ…¾ï¸â™
broos,b r o o s,ğŸ…±ï¸Â®ï¸ğŸ…¾ï¸ğŸ…¾ï¸ğŸ’²
broos,b r o o s,ğŸ…±ï¸Â®ï¸ğŸ…¾ï¸ğŸ…¾ï¸ğŸ’²
bros,b r o s,ğŸ…±ï¸Â®ï¸ğŸ…¾ï¸ğŸ’²
bros,b r o s,ğŸ…±ï¸Â®ï¸ğŸ…¾ï¸ğŸ’²
bs,b s,ğŸ…±ï¸ğŸ’²
bs,b s,ğŸ…±ï¸ğŸ’²
bsc,b s c,ğŸ…±ï¸ğŸ’²Â©ï¸
bupropion,b up r o p i on,ğŸ…±ï¸ğŸ†™Â®ï¸ğŸ…¾ï¸ğŸ…¿ï¸â„¹ï¸ğŸ”›
bups,b up s,ğŸ…±ï¸ğŸ†™ğŸ’²
bvs,b vs,ğŸ…±ï¸ğŸ†š
bvs,b vs,ğŸ…±ï¸ğŸ†š
c,c,Â©ï¸
c,c,Â©ï¸
cabri,c ab r i,Â©ï¸ğŸ†Â®ï¸â„¹ï¸
cabrio,c ab r i o,Â©ï¸ğŸ†Â®ï¸â„¹ï¸ğŸ…¾ï¸
cacao,c a c a o,Â©ï¸ğŸ…°ï¸Â©ï¸ğŸ…°ï¸ğŸ…¾ï¸
cai,c a i,Â©ï¸ğŸ…°ï¸â„¹ï¸
cai,c a i,Â©ï¸ğŸ…°ï¸â„¹ï¸
caisson,c a i s s on,Â©ï¸ğŸ…°ï¸â„¹ï¸ğŸ’²ğŸ’²ğŸ”›
camara,c a m a r a,Â©ï¸ğŸ…°ï¸â™ğŸ…°ï¸Â®ï¸ğŸ…°ï¸
cambio,c a m b i o,Â©ï¸ğŸ…°ï¸â™ğŸ…±ï¸â„¹ï¸ğŸ…¾ï¸
camion,c a m i on,Â©ï¸ğŸ…°ï¸â™â„¹ï¸ğŸ”›
camp,c a m p,Â©ï¸ğŸ…°ï¸â™ğŸ…¿ï¸
camp,c a m p,Â©ï¸ğŸ…°ï¸â™ğŸ…¿ï¸
camping,c a m p i ng,Â©ï¸ğŸ…°ï¸â™ğŸ…¿ï¸â„¹ï¸ğŸ†–
campionissimi,c a m p i on i s s i m i,Â©ï¸ğŸ…°ï¸â™ğŸ…¿ï¸â„¹ï¸ğŸ”›â„¹ï¸ğŸ’²ğŸ’²â„¹ï¸â™â„¹ï¸
campionissimo,c a m p i on i s s i m o,Â©ï¸ğŸ…°ï¸â™ğŸ…¿ï¸â„¹ï¸ğŸ”›â„¹ï¸ğŸ’²ğŸ’²â„¹ï¸â™ğŸ…¾ï¸
campo,c a m p o,Â©ï¸ğŸ…°ï¸â™ğŸ…¿ï¸ğŸ…¾ï¸
cao,c a o,Â©ï¸ğŸ…°ï¸ğŸ…¾ï¸
cao,c a o,Â©ï¸ğŸ…°ï¸ğŸ…¾ï¸
cap,c a p,Â©ï¸ğŸ…°ï¸ğŸ…¿ï¸
cappon,c a p p on,Â©ï¸ğŸ…°ï¸ğŸ…¿ï¸ğŸ…¿ï¸ğŸ”›
capriccio,c a p r i c c i o,Â©ï¸ğŸ…°ï¸ğŸ…¿ï¸Â®ï¸â„¹ï¸Â©ï¸Â©ï¸â„¹ï¸ğŸ…¾ï¸
cara,c a r a,Â©ï¸ğŸ…°ï¸Â®ï¸ğŸ…°ï¸
caracas,c a r a c a s,Â©ï¸ğŸ…°ï¸Â®ï¸ğŸ…°ï¸Â©ï¸ğŸ…°ï¸ğŸ’²
carbid,c a r b id,Â©ï¸ğŸ…°ï¸Â®ï¸ğŸ…±ï¸ğŸ†”
carbon,c a r b on,Â©ï¸ğŸ…°ï¸Â®ï¸ğŸ…±ï¸ğŸ”›
carboon,c a r b o on,Â©ï¸ğŸ…°ï¸Â®ï¸ğŸ…±ï¸ğŸ…¾ï¸ğŸ”›
caricom,c a r i c o m,Â©ï¸ğŸ…°ï¸Â®ï¸â„¹ï¸Â©ï¸ğŸ…¾ï¸â™
caris,c a r i s,Â©ï¸ğŸ…°ï¸Â®ï¸â„¹ï¸ğŸ’²
caro,c a r o,Â©ï¸ğŸ…°ï¸Â®ï¸ğŸ…¾ï¸
caron,c a r on,Â©ï¸ğŸ…°ï¸Â®ï¸ğŸ”›
carpaccio,c a r p a c c i o,Â©ï¸ğŸ…°ï¸Â®ï¸ğŸ…¿ï¸ğŸ…°ï¸Â©ï¸Â©ï¸â„¹ï¸ğŸ…¾ï¸
cars,c a r s,Â©ï¸ğŸ…°ï¸Â®ï¸ğŸ’²
cas,c a s,Â©ï¸ğŸ…°ï¸ğŸ’²
cascara,c a s c a r a,Â©ï¸ğŸ…°ï¸ğŸ’²Â©ï¸ğŸ…°ï¸Â®ï¸ğŸ…°ï¸
casco,c a s c o,Â©ï¸ğŸ…°ï¸ğŸ’²Â©ï¸ğŸ…¾ï¸
casimir,c a s i m i r,Â©ï¸ğŸ…°ï¸ğŸ’²â„¹ï¸â™â„¹ï¸Â®ï¸
casio,c a s i o,Â©ï¸ğŸ…°ï¸ğŸ’²â„¹ï¸ğŸ…¾ï¸
caspar,c a s p a r,Â©ï¸ğŸ…°ï¸ğŸ’²ğŸ…¿ï¸ğŸ…°ï¸Â®ï¸
cassis,c a s s i s,Â©ï¸ğŸ…°ï¸ğŸ’²ğŸ’²â„¹ï¸ğŸ’²
cbb,c b b,Â©ï¸ğŸ…±ï¸ğŸ…±ï¸
cbp,c b p,Â©ï¸ğŸ…±ï¸ğŸ…¿ï¸
cbr,c b r,Â©ï¸ğŸ…±ï¸Â®ï¸
cbs,c b s,Â©ï¸ğŸ…±ï¸ğŸ’²
cc,c c,Â©ï¸Â©ï¸
cia,c i a,Â©ï¸â„¹ï¸ğŸ…°ï¸
circa,c i r c a,Â©ï¸â„¹ï¸Â®ï¸Â©ï¸ğŸ…°ï¸
ciro,c i r o,Â©ï¸â„¹ï¸Â®ï¸ğŸ…¾ï¸
cirri,c i r r i,Â©ï¸â„¹ï¸Â®ï¸Â®ï¸â„¹ï¸
cis,c i s,Â©ï¸â„¹ï¸ğŸ’²
cis,c i s,Â©ï¸â„¹ï¸ğŸ’²
cisco,c i s c o,Â©ï¸â„¹ï¸ğŸ’²Â©ï¸ğŸ…¾ï¸
cl,cl,ğŸ†‘
claas,cl a a s,ğŸ†‘ğŸ…°ï¸ğŸ…°ï¸ğŸ’²
claim,cl a i m,ğŸ†‘ğŸ…°ï¸â„¹ï¸â™
claim,cl a i m,ğŸ†‘ğŸ…°ï¸â„¹ï¸â™
claiming,cl a i m i ng,ğŸ†‘ğŸ…°ï¸â„¹ï¸â™â„¹ï¸ğŸ†–
clair,cl a i r,ğŸ†‘ğŸ…°ï¸â„¹ï¸Â®ï¸
clara,cl a r a,ğŸ†‘ğŸ…°ï¸Â®ï¸ğŸ…°ï¸
claris,cl a r i s,ğŸ†‘ğŸ…°ï¸Â®ï¸â„¹ï¸ğŸ’²
clarissa,cl a r i s s a,ğŸ†‘ğŸ…°ï¸Â®ï¸â„¹ï¸ğŸ’²ğŸ’²ğŸ…°ï¸
class,cl a s s,ğŸ†‘ğŸ…°ï¸ğŸ’²ğŸ’²
classic,cl a s s i c,ğŸ†‘ğŸ…°ï¸ğŸ’²ğŸ’²â„¹ï¸Â©ï¸
classica,cl a s s i c a,ğŸ†‘ğŸ…°ï¸ğŸ’²ğŸ’²â„¹ï¸Â©ï¸ğŸ…°ï¸
classici,cl a s s i c i,ğŸ†‘ğŸ…°ï¸ğŸ’²ğŸ’²â„¹ï¸Â©ï¸â„¹ï¸
classis,cl a s s i s,ğŸ†‘ğŸ…°ï¸ğŸ’²ğŸ’²â„¹ï¸ğŸ’²
clio,cl i o,ğŸ†‘â„¹ï¸ğŸ…¾ï¸
clip,cl i p,ğŸ†‘â„¹ï¸ğŸ…¿ï¸
clipping,cl i p p i ng,ğŸ†‘â„¹ï¸ğŸ…¿ï¸ğŸ…¿ï¸â„¹ï¸ğŸ†–
cloaca,cl o a c a,ğŸ†‘ğŸ…¾ï¸ğŸ…°ï¸Â©ï¸ğŸ…°ï¸
cloo,cl o o,ğŸ†‘ğŸ…¾ï¸ğŸ…¾ï¸
cm,c m,Â©ï¸â™
co,c o,Â©ï¸ğŸ…¾ï¸
cobra,c o b r a,Â©ï¸ğŸ…¾ï¸ğŸ…±ï¸Â®ï¸ğŸ…°ï¸
coca,c o c a,Â©ï¸ğŸ…¾ï¸Â©ï¸ğŸ…°ï¸
cocci,c o c c i,Â©ï¸ğŸ…¾ï¸Â©ï¸Â©ï¸â„¹ï¸
coco,c o c o,Â©ï¸ğŸ…¾ï¸Â©ï¸ğŸ…¾ï¸
cocon,c o c on,Â©ï¸ğŸ…¾ï¸Â©ï¸ğŸ”›
cocoon,c o c o on,Â©ï¸ğŸ…¾ï¸Â©ï¸ğŸ…¾ï¸ğŸ”›
cocooning,c o c o on i ng,Â©ï¸ğŸ…¾ï¸Â©ï¸ğŸ…¾ï¸ğŸ”›â„¹ï¸ğŸ†–
cok,c ok,Â©ï¸ğŸ†—
coma,c o m a,Â©ï¸ğŸ…¾ï¸â™ğŸ…°ï¸
combi,c o m b i,Â©ï¸ğŸ…¾ï¸â™ğŸ…±ï¸â„¹ï¸
combo,c o m b o,Â©ï¸ğŸ…¾ï¸â™ğŸ…±ï¸ğŸ…¾ï¸
coming,c o m i ng,Â©ï¸ğŸ…¾ï¸â™â„¹ï¸ğŸ†–
commissaris,c o m m i s s a r i s,Â©ï¸ğŸ…¾ï¸â™â™â„¹ï¸ğŸ’²ğŸ’²ğŸ…°ï¸Â®ï¸â„¹ï¸ğŸ’²
commissionair,c o m m i s s i on a i r,Â©ï¸ğŸ…¾ï¸â™â™â„¹ï¸ğŸ’²ğŸ’²â„¹ï¸ğŸ”›ğŸ…°ï¸â„¹ï¸Â®ï¸
commissionair,c o m m i s s i on a i r,Â©ï¸ğŸ…¾ï¸â™â™â„¹ï¸ğŸ’²ğŸ’²â„¹ï¸ğŸ”›ğŸ…°ï¸â„¹ï¸Â®ï¸
common,c o m m on,Â©ï¸ğŸ…¾ï¸â™â™ğŸ”›
compas,c o m p a s,Â©ï¸ğŸ…¾ï¸â™ğŸ…¿ï¸ğŸ…°ï¸ğŸ’²
compendia,c o m p end i a,Â©ï¸ğŸ…¾ï¸â™ğŸ…¿ï¸ğŸ”šâ„¹ï¸ğŸ…°ï¸
compromis,c o m p r o m i s,Â©ï¸ğŸ…¾ï¸â™ğŸ…¿ï¸Â®ï¸ğŸ…¾ï¸â™â„¹ï¸ğŸ’²
con,c on,Â©ï¸ğŸ”›
conor,c on o r,Â©ï¸ğŸ”›ğŸ…¾ï¸Â®ï¸
coo,c o o,Â©ï¸ğŸ…¾ï¸ğŸ…¾ï¸
cook,c o ok,Â©ï¸ğŸ…¾ï¸ğŸ†—
cool,cool,ğŸ†’
cool,cool,ğŸ†’
coops,c o o p s,Â©ï¸ğŸ…¾ï¸ğŸ…¾ï¸ğŸ…¿ï¸ğŸ’²
copinga,c o p i ng a,Â©ï¸ğŸ…¾ï¸ğŸ…¿ï¸â„¹ï¸ğŸ†–ğŸ…°ï¸
cor,c o r,Â©ï¸ğŸ…¾ï¸Â®ï¸
cora,c o r a,Â©ï¸ğŸ…¾ï¸Â®ï¸ğŸ…°ï¸
corba,c o r b a,Â©ï¸ğŸ…¾ï¸Â®ï¸ğŸ…±ï¸ğŸ…°ï¸
corona,c o r on a,Â©ï¸ğŸ…¾ï¸Â®ï¸ğŸ”›ğŸ…°ï¸
coronair,c o r on a i r,Â©ï¸ğŸ…¾ï¸Â®ï¸ğŸ”›ğŸ…°ï¸â„¹ï¸Â®ï¸
corpora,c o r p o r a,Â©ï¸ğŸ…¾ï¸Â®ï¸ğŸ…¿ï¸ğŸ…¾ï¸Â®ï¸ğŸ…°ï¸
corps,c o r p s,Â©ï¸ğŸ…¾ï¸Â®ï¸ğŸ…¿ï¸ğŸ’²
corridor,c o r r id o r,Â©ï¸ğŸ…¾ï¸Â®ï¸Â®ï¸ğŸ†”ğŸ…¾ï¸Â®ï¸
corsa,c o r s a,Â©ï¸ğŸ…¾ï¸Â®ï¸ğŸ’²ğŸ…°ï¸
corsica,c o r s i c a,Â©ï¸ğŸ…¾ï¸Â®ï¸ğŸ’²â„¹ï¸Â©ï¸ğŸ…°ï¸
corso,c o r s o,Â©ï¸ğŸ…¾ï¸Â®ï¸ğŸ’²ğŸ…¾ï¸
cosmo,c o s m o,Â©ï¸ğŸ…¾ï¸ğŸ’²â™ğŸ…¾ï¸
cosponsor,c o s p on s o r,Â©ï¸ğŸ…¾ï¸ğŸ’²ğŸ…¿ï¸ğŸ”›ğŸ’²ğŸ…¾ï¸Â®ï¸
coup,c o up,Â©ï¸ğŸ…¾ï¸ğŸ†™
coup,c o up,Â©ï¸ğŸ…¾ï¸ğŸ†™
coupon,c o up on,Â©ï¸ğŸ…¾ï¸ğŸ†™ğŸ”›
cpb,c p b,Â©ï¸ğŸ…¿ï¸ğŸ…±ï¸
cpion,c p i on,Â©ï¸ğŸ…¿ï¸â„¹ï¸ğŸ”›
crama,c r a m a,Â©ï¸Â®ï¸ğŸ…°ï¸â™ğŸ…°ï¸
cras,c r a s,Â©ï¸Â®ï¸ğŸ…°ï¸ğŸ’²
cris,c r i s,Â©ï¸Â®ï¸â„¹ï¸ğŸ’²
crisis,c r i s i s,Â©ï¸Â®ï¸â„¹ï¸ğŸ’²â„¹ï¸ğŸ’²
crisistop,c r i s i s top,Â©ï¸Â®ï¸â„¹ï¸ğŸ’²â„¹ï¸ğŸ’²ğŸ”
croon,c r o on,Â©ï¸Â®ï¸ğŸ…¾ï¸ğŸ”›
cros,c r o s,Â©ï¸Â®ï¸ğŸ…¾ï¸ğŸ’²
cross,c r o s s,Â©ï¸Â®ï¸ğŸ…¾ï¸ğŸ’²ğŸ’²
crossbar,c r o s s b a r,Â©ï¸Â®ï¸ğŸ…¾ï¸ğŸ’²ğŸ’²ğŸ…±ï¸ğŸ…°ï¸Â®ï¸
crossing,c r o s s i ng,Â©ï¸Â®ï¸ğŸ…¾ï¸ğŸ’²ğŸ’²â„¹ï¸ğŸ†–
cs,c s,Â©ï¸ğŸ’²
cup,c up,Â©ï¸ğŸ†™
cupido,c up id o,Â©ï¸ğŸ†™ğŸ†”ğŸ…¾ï¸
cupido,c up id o,Â©ï¸ğŸ†™ğŸ†”ğŸ…¾ï¸
cvs,c vs,Â©ï¸ğŸ†š
end,end,ğŸ”š
endoscoop,end o s c o o p,ğŸ”šğŸ…¾ï¸ğŸ’²Â©ï¸ğŸ…¾ï¸ğŸ…¾ï¸ğŸ…¿ï¸
free,free,ğŸ†“
free,free,ğŸ†“
frees,free s,ğŸ†“ğŸ’²
frees,free s,ğŸ†“ğŸ’²
i,i,â„¹ï¸
ia,i a,â„¹ï¸ğŸ…°ï¸
ibis,i b i s,â„¹ï¸ğŸ…±ï¸â„¹ï¸ğŸ’²
ibm,i b m,â„¹ï¸ğŸ…±ï¸â™
ic,i c,â„¹ï¸Â©ï¸
icing,i c i ng,â„¹ï¸Â©ï¸â„¹ï¸ğŸ†–
icon,i c on,â„¹ï¸Â©ï¸ğŸ”›
icoon,i c o on,â„¹ï¸Â©ï¸ğŸ…¾ï¸ğŸ”›
id,id,ğŸ†”
ida,id a,ğŸ†”ğŸ…°ï¸
idc,id c,ğŸ†”Â©ï¸
idi,id i,ğŸ†”â„¹ï¸
iding,id i ng,ğŸ†”â„¹ï¸ğŸ†–
idioom,id i o o m,ğŸ†”â„¹ï¸ğŸ…¾ï¸ğŸ…¾ï¸â™
ido,id o,ğŸ†”ğŸ…¾ï¸
idris,id r i s,ğŸ†”Â®ï¸â„¹ï¸ğŸ’²
idriss,id r i s s,ğŸ†”Â®ï¸â„¹ï¸ğŸ’²ğŸ’²
idrissi,id r i s s i,ğŸ†”Â®ï¸â„¹ï¸ğŸ’²ğŸ’²â„¹ï¸
ids,id s,ğŸ†”ğŸ’²
idsinga,id s i ng a,ğŸ†”ğŸ’²â„¹ï¸ğŸ†–ğŸ…°ï¸
ii,i i,â„¹ï¸â„¹ï¸
imam,i m a m,â„¹ï¸â™ğŸ…°ï¸â™
imming,i m m i ng,â„¹ï¸â™â™â„¹ï¸ğŸ†–
imminga,i m m i ng a,â„¹ï¸â™â™â„¹ï¸ğŸ†–ğŸ…°ï¸
ing,i ng,â„¹ï¸ğŸ†–
inga,i ng a,â„¹ï¸ğŸ†–ğŸ…°ï¸
inga,i ng a,â„¹ï¸ğŸ†–ğŸ…°ï¸
ingang,i ng a ng,â„¹ï¸ğŸ†–ğŸ…°ï¸ğŸ†–
ingang,i ng a ng,â„¹ï¸ğŸ†–ğŸ…°ï¸ğŸ†–
inging,i ng i ng,â„¹ï¸ğŸ†–â„¹ï¸ğŸ†–
ingmar,i ng m a r,â„¹ï¸ğŸ†–â™ğŸ…°ï¸Â®ï¸
ingo,i ng o,â„¹ï¸ğŸ†–ğŸ…¾ï¸
ingooi,i ng o o i,â„¹ï¸ğŸ†–ğŸ…¾ï¸ğŸ…¾ï¸â„¹ï¸
ingrid,i ng r id,â„¹ï¸ğŸ†–Â®ï¸ğŸ†”
io,i o,â„¹ï¸ğŸ…¾ï¸
ioc,i o c,â„¹ï¸ğŸ…¾ï¸Â©ï¸
ion,i on,â„¹ï¸ğŸ”›
iona,i on a,â„¹ï¸ğŸ”›ğŸ…°ï¸
ip,i p,â„¹ï¸ğŸ…¿ï¸
ipcc,i p c c,â„¹ï¸ğŸ…¿ï¸Â©ï¸Â©ï¸
ippon,i p p on,â„¹ï¸ğŸ…¿ï¸ğŸ…¿ï¸ğŸ”›
ipso,i p s o,â„¹ï¸ğŸ…¿ï¸ğŸ’²ğŸ…¾ï¸
ira,i r a,â„¹ï¸Â®ï¸ğŸ…°ï¸
iris,i r i s,â„¹ï¸Â®ï¸â„¹ï¸ğŸ’²
iris,i r i s,â„¹ï¸Â®ï¸â„¹ï¸ğŸ’²
irma,i r m a,â„¹ï¸Â®ï¸â™ğŸ…°ï¸
is,i s,â„¹ï¸ğŸ’²
isa,i s a,â„¹ï¸ğŸ’²ğŸ…°ï¸
isaac,i s a a c,â„¹ï¸ğŸ’²ğŸ…°ï¸ğŸ…°ï¸Â©ï¸
isis,i s i s,â„¹ï¸ğŸ’²â„¹ï¸ğŸ’²
iso,i s o,â„¹ï¸ğŸ’²ğŸ…¾ï¸
isobaar,i s o b a a r,â„¹ï¸ğŸ’²ğŸ…¾ï¸ğŸ…±ï¸ğŸ…°ï¸ğŸ…°ï¸Â®ï¸
isra,i s r a,â„¹ï¸ğŸ’²Â®ï¸ğŸ…°ï¸
issa,i s s a,â„¹ï¸ğŸ’²ğŸ’²ğŸ…°ï¸
issam,i s s a m,â„¹ï¸ğŸ’²ğŸ’²ğŸ…°ï¸â™
m,m,â™
m,m,â™
ma,m a,â™ğŸ…°ï¸
ma,m a,â™ğŸ…°ï¸
ma,m a,â™ğŸ…°ï¸
ma,m a,â™ğŸ…°ï¸
maai,m a a i,â™ğŸ…°ï¸ğŸ…°ï¸â„¹ï¸
maar,m a a r,â™ğŸ…°ï¸ğŸ…°ï¸Â®ï¸
maar,m a a r,â™ğŸ…°ï¸ğŸ…°ï¸Â®ï¸
maas,m a a s,â™ğŸ…°ï¸ğŸ…°ï¸ğŸ’²
maas,m a a s,â™ğŸ…°ï¸ğŸ…°ï¸ğŸ’²
maas,m a a s,â™ğŸ…°ï¸ğŸ…°ï¸ğŸ’²
maass,m a a s s,â™ğŸ…°ï¸ğŸ…°ï¸ğŸ’²ğŸ’²
mac,m a c,â™ğŸ…°ï¸Â©ï¸
macaroni,m a c a r on i,â™ğŸ…°ï¸Â©ï¸ğŸ…°ï¸Â®ï¸ğŸ”›â„¹ï¸
macro,m a c r o,â™ğŸ…°ï¸Â©ï¸Â®ï¸ğŸ…¾ï¸
macrokosmos,m a c r ok o s m o s,â™ğŸ…°ï¸Â©ï¸Â®ï¸ğŸ†—ğŸ…¾ï¸ğŸ’²â™ğŸ…¾ï¸ğŸ’²
macronaam,m a c r on a a m,â™ğŸ…°ï¸Â©ï¸Â®ï¸ğŸ”›ğŸ…°ï¸ğŸ…°ï¸â™
mai,m a i,â™ğŸ…°ï¸â„¹ï¸
maia,m a i a,â™ğŸ…°ï¸â„¹ï¸ğŸ…°ï¸
mais,m a i s,â™ğŸ…°ï¸â„¹ï¸ğŸ’²
mam,m a m,â™ğŸ…°ï¸â™
mama,m a m a,â™ğŸ…°ï¸â™ğŸ…°ï¸
mamba,m a m b a,â™ğŸ…°ï¸â™ğŸ…±ï¸ğŸ…°ï¸
mamma,m a m m a,â™ğŸ…°ï¸â™â™ğŸ…°ï¸
mammon,m a m m on,â™ğŸ…°ï¸â™â™ğŸ”›
mams,m a m s,â™ğŸ…°ï¸â™ğŸ’²
manga,m a ng a,â™ğŸ…°ï¸ğŸ†–ğŸ…°ï¸
mango,m a ng o,â™ğŸ…°ï¸ğŸ†–ğŸ…¾ï¸
mangoboom,m a ng o b o o m,â™ğŸ…°ï¸ğŸ†–ğŸ…¾ï¸ğŸ…±ï¸ğŸ…¾ï¸ğŸ…¾ï¸â™
mao,m a o,â™ğŸ…°ï¸ğŸ…¾ï¸
maori,m a o r i,â™ğŸ…°ï¸ğŸ…¾ï¸Â®ï¸â„¹ï¸
map,m a p,â™ğŸ…°ï¸ğŸ…¿ï¸
mara,m a r a,â™ğŸ…°ï¸Â®ï¸ğŸ…°ï¸
maracaibo,m a r a c a i b o,â™ğŸ…°ï¸Â®ï¸ğŸ…°ï¸Â©ï¸ğŸ…°ï¸â„¹ï¸ğŸ…±ï¸ğŸ…¾ï¸
marc,m a r c,â™ğŸ…°ï¸Â®ï¸Â©ï¸
marc,m a r c,â™ğŸ…°ï¸Â®ï¸Â©ï¸
marcia,m a r c i a,â™ğŸ…°ï¸Â®ï¸Â©ï¸â„¹ï¸ğŸ…°ï¸
marco,m a r c o,â™ğŸ…°ï¸Â®ï¸Â©ï¸ğŸ…¾ï¸
marcos,m a r c o s,â™ğŸ…°ï¸Â®ï¸Â©ï¸ğŸ…¾ï¸ğŸ’²
marcs,m a r c s,â™ğŸ…°ï¸Â®ï¸Â©ï¸ğŸ’²
mari,m a r i,â™ğŸ…°ï¸Â®ï¸â„¹ï¸
maria,m a r i a,â™ğŸ…°ï¸Â®ï¸â„¹ï¸ğŸ…°ï¸
mariam,m a r i a m,â™ğŸ…°ï¸Â®ï¸â„¹ï¸ğŸ…°ï¸â™
marica,m a r i c a,â™ğŸ…°ï¸Â®ï¸â„¹ï¸Â©ï¸ğŸ…°ï¸
marimba,m a r i m b a,â™ğŸ…°ï¸Â®ï¸â„¹ï¸â™ğŸ…±ï¸ğŸ…°ï¸
maring,m a r i ng,â™ğŸ…°ï¸Â®ï¸â„¹ï¸ğŸ†–
mario,m a r i o,â™ğŸ…°ï¸Â®ï¸â„¹ï¸ğŸ…¾ï¸
marion,m a r i on,â™ğŸ…°ï¸Â®ï¸â„¹ï¸ğŸ”›
maripas,m a r i p a s,â™ğŸ…°ï¸Â®ï¸â„¹ï¸ğŸ…¿ï¸ğŸ…°ï¸ğŸ’²
maris,m a r i s,â™ğŸ…°ï¸Â®ï¸â„¹ï¸ğŸ’²
marisa,m a r i s a,â™ğŸ…°ï¸Â®ï¸â„¹ï¸ğŸ’²ğŸ…°ï¸
marisca,m a r i s c a,â™ğŸ…°ï¸Â®ï¸â„¹ï¸ğŸ’²Â©ï¸ğŸ…°ï¸
marissa,m a r i s s a,â™ğŸ…°ï¸Â®ï¸â„¹ï¸ğŸ’²ğŸ’²ğŸ…°ï¸
marmara,m a r m a r a,â™ğŸ…°ï¸Â®ï¸â™ğŸ…°ï¸Â®ï¸ğŸ…°ï¸
maron,m a r on,â™ğŸ…°ï¸Â®ï¸ğŸ”›
marra,m a r r a,â™ğŸ…°ï¸Â®ï¸Â®ï¸ğŸ…°ï¸
marron,m a r r on,â™ğŸ…°ï¸Â®ï¸Â®ï¸ğŸ”›
mars,m a r s,â™ğŸ…°ï¸Â®ï¸ğŸ’²
mas,m a s,â™ğŸ…°ï¸ğŸ’²
mascara,m a s c a r a,â™ğŸ…°ï¸ğŸ’²Â©ï¸ğŸ…°ï¸Â®ï¸ğŸ…°ï¸
mason,m a s on,â™ğŸ…°ï¸ğŸ’²ğŸ”›
massa,m a s s a,â™ğŸ…°ï¸ğŸ’²ğŸ’²ğŸ…°ï¸
massaar,m a s s a a r,â™ğŸ…°ï¸ğŸ’²ğŸ’²ğŸ…°ï¸ğŸ…°ï¸Â®ï¸
massar,m a s s a r,â™ğŸ…°ï¸ğŸ’²ğŸ’²ğŸ…°ï¸Â®ï¸
massimo,m a s s i m o,â™ğŸ…°ï¸ğŸ’²ğŸ’²â„¹ï¸â™ğŸ…¾ï¸
massing,m a s s i ng,â™ğŸ…°ï¸ğŸ’²ğŸ’²â„¹ï¸ğŸ†–
masson,m a s s on,â™ğŸ…°ï¸ğŸ’²ğŸ’²ğŸ”›
massop,m a s s o p,â™ğŸ…°ï¸ğŸ’²ğŸ’²ğŸ…¾ï¸ğŸ…¿ï¸
mb,m b,â™ğŸ…±ï¸
mb,m b,â™ğŸ…±ï¸
mba,m b a,â™ğŸ…±ï¸ğŸ…°ï¸
mbo,m b o,â™ğŸ…±ï¸ğŸ…¾ï¸
mbo,m b o,â™ğŸ…±ï¸ğŸ…¾ï¸
mbps,m b p s,â™ğŸ…±ï¸ğŸ…¿ï¸ğŸ’²
mi,m i,â™â„¹ï¸
mia,m i a,â™â„¹ï¸ğŸ…°ï¸
miasma,m i a s m a,â™â„¹ï¸ğŸ…°ï¸ğŸ’²â™ğŸ…°ï¸
mica,m i c a,â™â„¹ï¸Â©ï¸ğŸ…°ï¸
mica,m i c a,â™â„¹ï¸Â©ï¸ğŸ…°ï¸
micro,m i c r o,â™â„¹ï¸Â©ï¸Â®ï¸ğŸ…¾ï¸
microkosmos,m i c r ok o s m o s,â™â„¹ï¸Â©ï¸Â®ï¸ğŸ†—ğŸ…¾ï¸ğŸ’²â™ğŸ…¾ï¸ğŸ’²
micron,m i c r on,â™â„¹ï¸Â©ï¸Â®ï¸ğŸ”›
microscoop,m i c r o s c o o p,â™â„¹ï¸Â©ï¸Â®ï¸ğŸ…¾ï¸ğŸ’²Â©ï¸ğŸ…¾ï¸ğŸ…¾ï¸ğŸ…¿ï¸
midas,m id a s,â™ğŸ†”ğŸ…°ï¸ğŸ’²
midi,m id i,â™ğŸ†”â„¹ï¸
mimi,m i m i,â™â„¹ï¸â™â„¹ï¸
mimi,m i m i,â™â„¹ï¸â™â„¹ï¸
mimici,m i m i c i,â™â„¹ï¸â™â„¹ï¸Â©ï¸â„¹ï¸
mimosa,m i m o s a,â™â„¹ï¸â™ğŸ…¾ï¸ğŸ’²ğŸ…°ï¸
ming,m i ng,â™â„¹ï¸ğŸ†–
mir,m i r,â™â„¹ï¸Â®ï¸
mira,m i r a,â™â„¹ï¸Â®ï¸ğŸ…°ï¸
miriam,m i r i a m,â™â„¹ï¸Â®ï¸â„¹ï¸ğŸ…°ï¸â™
miro,m i r o,â™â„¹ï¸Â®ï¸ğŸ…¾ï¸
mis,m i s,â™â„¹ï¸ğŸ’²
mis,m i s,â™â„¹ï¸ğŸ’²
misbaar,m i s b a a r,â™â„¹ï¸ğŸ’²ğŸ…±ï¸ğŸ…°ï¸ğŸ…°ï¸Â®ï¸
misco,m i s c o,â™â„¹ï¸ğŸ’²Â©ï¸ğŸ…¾ï¸
miss,m i s s,â™â„¹ï¸ğŸ’²ğŸ’²
missing,m i s s i ng,â™â„¹ï¸ğŸ’²ğŸ’²â„¹ï¸ğŸ†–
missionair,m i s s i on a i r,â™â„¹ï¸ğŸ’²ğŸ’²â„¹ï¸ğŸ”›ğŸ…°ï¸â„¹ï¸Â®ï¸
missionaris,m i s s i on a r i s,â™â„¹ï¸ğŸ’²ğŸ’²â„¹ï¸ğŸ”›ğŸ…°ï¸Â®ï¸â„¹ï¸ğŸ’²
mississippi,m i s s i s s i p p i,â™â„¹ï¸ğŸ’²ğŸ’²â„¹ï¸ğŸ’²ğŸ’²â„¹ï¸ğŸ…¿ï¸ğŸ…¿ï¸â„¹ï¸
mm,m m,â™â™
mo,m o,â™ğŸ…¾ï¸
mobbing,m o b b i ng,â™ğŸ…¾ï¸ğŸ…±ï¸ğŸ…±ï¸â„¹ï¸ğŸ†–
mobron,m o b r on,â™ğŸ…¾ï¸ğŸ…±ï¸Â®ï¸ğŸ”›
moira,m o i r a,â™ğŸ…¾ï¸â„¹ï¸Â®ï¸ğŸ…°ï¸
moison,m o i s on,â™ğŸ…¾ï¸â„¹ï¸ğŸ’²ğŸ”›
mok,m ok,â™ğŸ†—
mok,m ok,â™ğŸ†—
mom,m o m,â™ğŸ…¾ï¸â™
mom,m o m,â™ğŸ…¾ï¸â™
momboor,m o m b o o r,â™ğŸ…¾ï¸â™ğŸ…±ï¸ğŸ…¾ï¸ğŸ…¾ï¸Â®ï¸
momboors,m o m b o o r s,â™ğŸ…¾ï¸â™ğŸ…±ï¸ğŸ…¾ï¸ğŸ…¾ï¸Â®ï¸ğŸ’²
mommaas,m o m m a a s,â™ğŸ…¾ï¸â™â™ğŸ…°ï¸ğŸ…°ï¸ğŸ’²
mon,m on,â™ğŸ”›
mona,m on a,â™ğŸ”›ğŸ…°ï¸
monaco,m on a c o,â™ğŸ”›ğŸ…°ï¸Â©ï¸ğŸ…¾ï¸
monica,m on i c a,â™ğŸ”›â„¹ï¸Â©ï¸ğŸ…°ï¸
mono,m on o,â™ğŸ”›ğŸ…¾ï¸
monsma,m on s m a,â™ğŸ”›ğŸ’²â™ğŸ…°ï¸
mooi,m o o i,â™ğŸ…¾ï¸ğŸ…¾ï¸â„¹ï¸
mooi,m o o i,â™ğŸ…¾ï¸ğŸ…¾ï¸â„¹ï¸
moois,m o o i s,â™ğŸ…¾ï¸ğŸ…¾ï¸â„¹ï¸ğŸ’²
mook,m o ok,â™ğŸ…¾ï¸ğŸ†—
moon,m o on,â™ğŸ…¾ï¸ğŸ”›
moor,m o o r,â™ğŸ…¾ï¸ğŸ…¾ï¸Â®ï¸
mooring,m o o r i ng,â™ğŸ…¾ï¸ğŸ…¾ï¸Â®ï¸â„¹ï¸ğŸ†–
moors,m o o r s,â™ğŸ…¾ï¸ğŸ…¾ï¸Â®ï¸ğŸ’²
moors,m o o r s,â™ğŸ…¾ï¸ğŸ…¾ï¸Â®ï¸ğŸ’²
moos,m o o s,â™ğŸ…¾ï¸ğŸ…¾ï¸ğŸ’²
mop,m o p,â™ğŸ…¾ï¸ğŸ…¿ï¸
mops,m o p s,â™ğŸ…¾ï¸ğŸ…¿ï¸ğŸ’²
mor,m o r,â™ğŸ…¾ï¸Â®ï¸
mora,m o r a,â™ğŸ…¾ï¸Â®ï¸ğŸ…°ï¸
mormoon,m o r m o on,â™ğŸ…¾ï¸Â®ï¸â™ğŸ…¾ï¸ğŸ”›
mormoons,m o r m o on s,â™ğŸ…¾ï¸Â®ï¸â™ğŸ…¾ï¸ğŸ”›ğŸ’²
moroni,m o r on i,â™ğŸ…¾ï¸Â®ï¸ğŸ”›â„¹ï¸
morra,m o r r a,â™ğŸ…¾ï¸Â®ï¸Â®ï¸ğŸ…°ï¸
morris,m o r r i s,â™ğŸ…¾ï¸Â®ï¸Â®ï¸â„¹ï¸ğŸ’²
morrison,m o r r i s on,â™ğŸ…¾ï¸Â®ï¸Â®ï¸â„¹ï¸ğŸ’²ğŸ”›
mors,m o r s,â™ğŸ…¾ï¸Â®ï¸ğŸ’²
mors,m o r s,â™ğŸ…¾ï¸Â®ï¸ğŸ’²
mos,m o s,â™ğŸ…¾ï¸ğŸ’²
mp,m p,â™ğŸ…¿ï¸
mps,m p s,â™ğŸ…¿ï¸ğŸ’²
mri,m r i,â™Â®ï¸â„¹ï¸
ms,m s,â™ğŸ’²
ms,m s,â™ğŸ’²
msc,m s c,â™ğŸ’²Â©ï¸
new,new,ğŸ†•
new,new,ğŸ†•
ng,ng,ğŸ†–
ngi,ng i,ğŸ†–â„¹ï¸
ngo,ng o,ğŸ†–ğŸ…¾ï¸
ngo,ng o,ğŸ†–ğŸ…¾ï¸
ngos,ng o s,ğŸ†–ğŸ…¾ï¸ğŸ’²
o,o,ğŸ…¾ï¸
oasis,o a s i s,ğŸ…¾ï¸ğŸ…°ï¸ğŸ’²â„¹ï¸ğŸ’²
obama,o b a m a,ğŸ…¾ï¸ğŸ…±ï¸ğŸ…°ï¸â™ğŸ…°ï¸
obi,o b i,ğŸ…¾ï¸ğŸ…±ï¸â„¹ï¸
obias,o b i a s,ğŸ…¾ï¸ğŸ…±ï¸â„¹ï¸ğŸ…°ï¸ğŸ’²
obispo,o b i s p o,ğŸ…¾ï¸ğŸ…±ï¸â„¹ï¸ğŸ’²ğŸ…¿ï¸ğŸ…¾ï¸
obs,o b s,ğŸ…¾ï¸ğŸ…±ï¸ğŸ’²
occasion,o c c a s i on,ğŸ…¾ï¸Â©ï¸Â©ï¸ğŸ…°ï¸ğŸ’²â„¹ï¸ğŸ”›
ocr,o c r,ğŸ…¾ï¸Â©ï¸Â®ï¸
oio,o i o,ğŸ…¾ï¸â„¹ï¸ğŸ…¾ï¸
oir,o i r,ğŸ…¾ï¸â„¹ï¸Â®ï¸
okapi,ok a p i,ğŸ†—ğŸ…°ï¸ğŸ…¿ï¸â„¹ï¸
okra,ok r a,ğŸ†—Â®ï¸ğŸ…°ï¸
om,o m,ğŸ…¾ï¸â™
oma,o m a,ğŸ…¾ï¸â™ğŸ…°ï¸
omar,o m a r,ğŸ…¾ï¸â™ğŸ…°ï¸Â®ï¸
omarm,o m a r m,ğŸ…¾ï¸â™ğŸ…°ï¸Â®ï¸â™
omarming,o m a r m i ng,ğŸ…¾ï¸â™ğŸ…°ï¸Â®ï¸â™â„¹ï¸ğŸ†–
ombras,o m b r a s,ğŸ…¾ï¸â™ğŸ…±ï¸Â®ï¸ğŸ…°ï¸ğŸ’²
omring,o m r i ng,ğŸ…¾ï¸â™Â®ï¸â„¹ï¸ğŸ†–
omring,o m r i ng,ğŸ…¾ï¸â™Â®ï¸â„¹ï¸ğŸ†–
omringing,o m r i ng i ng,ğŸ…¾ï¸â™Â®ï¸â„¹ï¸ğŸ†–â„¹ï¸ğŸ†–
omspon,o m s p on,ğŸ…¾ï¸â™ğŸ’²ğŸ…¿ï¸ğŸ”›
omspring,o m s p r i ng,ğŸ…¾ï¸â™ğŸ’²ğŸ…¿ï¸Â®ï¸â„¹ï¸ğŸ†–
omspring,o m s p r i ng,ğŸ…¾ï¸â™ğŸ’²ğŸ…¿ï¸Â®ï¸â„¹ï¸ğŸ†–
on,on,ğŸ”›
onmisbaar,on m i s b a a r,ğŸ”›â™â„¹ï¸ğŸ’²ğŸ…±ï¸ğŸ…°ï¸ğŸ…°ï¸Â®ï¸
onoorbaar,on o o r b a a r,ğŸ”›ğŸ…¾ï¸ğŸ…¾ï¸Â®ï¸ğŸ…±ï¸ğŸ…°ï¸ğŸ…°ï¸Â®ï¸
onos,on o s,ğŸ”›ğŸ…¾ï¸ğŸ’²
onpaar,on p a a r,ğŸ”›ğŸ…¿ï¸ğŸ…°ï¸ğŸ…°ï¸Â®ï¸
onpas,on p a s,ğŸ”›ğŸ…¿ï¸ğŸ…°ï¸ğŸ’²
onrooms,on r o o m s,ğŸ”›Â®ï¸ğŸ…¾ï¸ğŸ…¾ï¸â™ğŸ’²
ons,on s,ğŸ”›ğŸ’²
ooi,o o i,ğŸ…¾ï¸ğŸ…¾ï¸â„¹ï¸
ooibos,o o i b o s,ğŸ…¾ï¸ğŸ…¾ï¸â„¹ï¸ğŸ…±ï¸ğŸ…¾ï¸ğŸ’²
ook,o ok,ğŸ…¾ï¸ğŸ†—
oom,o o m,ğŸ…¾ï¸ğŸ…¾ï¸â™
oona,o on a,ğŸ…¾ï¸ğŸ”›ğŸ…°ï¸
oor,o o r,ğŸ…¾ï¸ğŸ…¾ï¸Â®ï¸
oorbaar,o o r b a a r,ğŸ…¾ï¸ğŸ…¾ï¸Â®ï¸ğŸ…±ï¸ğŸ…°ï¸ğŸ…°ï¸Â®ï¸
oorclip,o o r cl i p,ğŸ…¾ï¸ğŸ…¾ï¸Â®ï¸ğŸ†‘â„¹ï¸ğŸ…¿ï¸
oorprop,o o r p r o p,ğŸ…¾ï¸ğŸ…¾ï¸Â®ï¸ğŸ…¿ï¸Â®ï¸ğŸ…¾ï¸ğŸ…¿ï¸
oorring,o o r r i ng,ğŸ…¾ï¸ğŸ…¾ï¸Â®ï¸Â®ï¸â„¹ï¸ğŸ†–
op,o p,ğŸ…¾ï¸ğŸ…¿ï¸
opa,o p a,ğŸ…¾ï¸ğŸ…¿ï¸ğŸ…°ï¸
opbaar,o p b a a r,ğŸ…¾ï¸ğŸ…¿ï¸ğŸ…±ï¸ğŸ…°ï¸ğŸ…°ï¸Â®ï¸
opboks,o p b ok s,ğŸ…¾ï¸ğŸ…¿ï¸ğŸ…±ï¸ğŸ†—ğŸ’²
opendraai,o p end r a a i,ğŸ…¾ï¸ğŸ…¿ï¸ğŸ”šÂ®ï¸ğŸ…°ï¸ğŸ…°ï¸â„¹ï¸
opmars,o p m a r s,ğŸ…¾ï¸ğŸ…¿ï¸â™ğŸ…°ï¸Â®ï¸ğŸ’²
oppas,o p p a s,ğŸ…¾ï¸ğŸ…¿ï¸ğŸ…¿ï¸ğŸ…°ï¸ğŸ’²
oppas,o p p a s,ğŸ…¾ï¸ğŸ…¿ï¸ğŸ…¿ï¸ğŸ…°ï¸ğŸ’²
oppassing,o p p a s s i ng,ğŸ…¾ï¸ğŸ…¿ï¸ğŸ…¿ï¸ğŸ…°ï¸ğŸ’²ğŸ’²â„¹ï¸ğŸ†–
oppomp,o p p o m p,ğŸ…¾ï¸ğŸ…¿ï¸ğŸ…¿ï¸ğŸ…¾ï¸â™ğŸ…¿ï¸
oppor,o p p o r,ğŸ…¾ï¸ğŸ…¿ï¸ğŸ…¿ï¸ğŸ…¾ï¸Â®ï¸
oppor,o p p o r,ğŸ…¾ï¸ğŸ…¿ï¸ğŸ…¿ï¸ğŸ…¾ï¸Â®ï¸
opprop,o p p r o p,ğŸ…¾ï¸ğŸ…¿ï¸ğŸ…¿ï¸Â®ï¸ğŸ…¾ï¸ğŸ…¿ï¸
opraap,o p r a a p,ğŸ…¾ï¸ğŸ…¿ï¸Â®ï¸ğŸ…°ï¸ğŸ…°ï¸ğŸ…¿ï¸
oprisping,o p r i s p i ng,ğŸ…¾ï¸ğŸ…¿ï¸Â®ï¸â„¹ï¸ğŸ’²ğŸ…¿ï¸â„¹ï¸ğŸ†–
oprook,o p r o ok,ğŸ…¾ï¸ğŸ…¿ï¸Â®ï¸ğŸ…¾ï¸ğŸ†—
opsom,o p s o m,ğŸ…¾ï¸ğŸ…¿ï¸ğŸ’²ğŸ…¾ï¸â™
opsomming,o p s o m m i ng,ğŸ…¾ï¸ğŸ…¿ï¸ğŸ’²ğŸ…¾ï¸â™â™â„¹ï¸ğŸ†–
opsomming,o p s o m m i ng,ğŸ…¾ï¸ğŸ…¿ï¸ğŸ’²ğŸ…¾ï¸â™â™â„¹ï¸ğŸ†–
opspaar,o p s p a a r,ğŸ…¾ï¸ğŸ…¿ï¸ğŸ’²ğŸ…¿ï¸ğŸ…°ï¸ğŸ…°ï¸Â®ï¸
opspoor,o p s p o o r,ğŸ…¾ï¸ğŸ…¿ï¸ğŸ’²ğŸ…¿ï¸ğŸ…¾ï¸ğŸ…¾ï¸Â®ï¸
opspoor,o p s p o o r,ğŸ…¾ï¸ğŸ…¿ï¸ğŸ’²ğŸ…¿ï¸ğŸ…¾ï¸ğŸ…¾ï¸Â®ï¸
opspoorbaar,o p s p o o r b a a r,ğŸ…¾ï¸ğŸ…¿ï¸ğŸ’²ğŸ…¿ï¸ğŸ…¾ï¸ğŸ…¾ï¸Â®ï¸ğŸ…±ï¸ğŸ…°ï¸ğŸ…°ï¸Â®ï¸
opsporing,o p s p o r i ng,ğŸ…¾ï¸ğŸ…¿ï¸ğŸ’²ğŸ…¿ï¸ğŸ…¾ï¸Â®ï¸â„¹ï¸ğŸ†–
opsporing,o p s p o r i ng,ğŸ…¾ï¸ğŸ…¿ï¸ğŸ’²ğŸ…¿ï¸ğŸ…¾ï¸Â®ï¸â„¹ï¸ğŸ†–
opspring,o p s p r i ng,ğŸ…¾ï¸ğŸ…¿ï¸ğŸ’²ğŸ…¿ï¸Â®ï¸â„¹ï¸ğŸ†–
opspring,o p s p r i ng,ğŸ…¾ï¸ğŸ…¿ï¸ğŸ’²ğŸ…¿ï¸Â®ï¸â„¹ï¸ğŸ†–
opstop,o p s top,ğŸ…¾ï¸ğŸ…¿ï¸ğŸ’²ğŸ”
opstop,o p s top,ğŸ…¾ï¸ğŸ…¿ï¸ğŸ’²ğŸ”
opstopping,o p s top p i ng,ğŸ…¾ï¸ğŸ…¿ï¸ğŸ’²ğŸ”ğŸ…¿ï¸â„¹ï¸ğŸ†–
or,o r,ğŸ…¾ï¸Â®ï¸
orbi,o r b i,ğŸ…¾ï¸Â®ï¸ğŸ…±ï¸â„¹ï¸
orbons,o r b on s,ğŸ…¾ï¸Â®ï¸ğŸ…±ï¸ğŸ”›ğŸ’²
ori,o r i,ğŸ…¾ï¸Â®ï¸â„¹ï¸
oribis,o r i b i s,ğŸ…¾ï¸Â®ï¸â„¹ï¸ğŸ…±ï¸â„¹ï¸ğŸ’²
orion,o r i on,ğŸ…¾ï¸Â®ï¸â„¹ï¸ğŸ”›
os,o s,ğŸ…¾ï¸ğŸ’²
osama,o s a m a,ğŸ…¾ï¸ğŸ’²ğŸ…°ï¸â™ğŸ…°ï¸
oscar,o s c a r,ğŸ…¾ï¸ğŸ’²Â©ï¸ğŸ…°ï¸Â®ï¸
osendarp,o s end a r p,ğŸ…¾ï¸ğŸ’²ğŸ”šğŸ…°ï¸Â®ï¸ğŸ…¿ï¸
osinga,o s i ng a,ğŸ…¾ï¸ğŸ’²â„¹ï¸ğŸ†–ğŸ…°ï¸
osiris,o s i r i s,ğŸ…¾ï¸ğŸ’²â„¹ï¸Â®ï¸â„¹ï¸ğŸ’²
oss,o s s,ğŸ…¾ï¸ğŸ’²ğŸ’²
ossi,o s s i,ğŸ…¾ï¸ğŸ’²ğŸ’²â„¹ï¸
ossip,o s s i p,ğŸ…¾ï¸ğŸ’²ğŸ’²â„¹ï¸ğŸ…¿ï¸
otmar,o tm a r,ğŸ…¾ï¸ï»¿â„¢ï¸ğŸ…°ï¸Â®ï¸
p,p,ğŸ…¿ï¸
pa,p a,ğŸ…¿ï¸ğŸ…°ï¸
paai,p a a i,ğŸ…¿ï¸ğŸ…°ï¸ğŸ…°ï¸â„¹ï¸
paap,p a a p,ğŸ…¿ï¸ğŸ…°ï¸ğŸ…°ï¸ğŸ…¿ï¸
paap,p a a p,ğŸ…¿ï¸ğŸ…°ï¸ğŸ…°ï¸ğŸ…¿ï¸
paaps,p a a p s,ğŸ…¿ï¸ğŸ…°ï¸ğŸ…°ï¸ğŸ…¿ï¸ğŸ’²
paar,p a a r,ğŸ…¿ï¸ğŸ…°ï¸ğŸ…°ï¸Â®ï¸
paar,p a a r,ğŸ…¿ï¸ğŸ…°ï¸ğŸ…°ï¸Â®ï¸
paar,p a a r,ğŸ…¿ï¸ğŸ…°ï¸ğŸ…°ï¸Â®ï¸
paars,p a a r s,ğŸ…¿ï¸ğŸ…°ï¸ğŸ…°ï¸Â®ï¸ğŸ’²
paas,p a a s,ğŸ…¿ï¸ğŸ…°ï¸ğŸ…°ï¸ğŸ’²
paasmis,p a a s m i s,ğŸ…¿ï¸ğŸ…°ï¸ğŸ…°ï¸ğŸ’²â™â„¹ï¸ğŸ’²
paasos,p a a sos,ğŸ…¿ï¸ğŸ…°ï¸ğŸ…°ï¸ğŸ†˜
pabo,p ab o,ğŸ…¿ï¸ğŸ†ğŸ…¾ï¸
paco,p a c o,ğŸ…¿ï¸ğŸ…°ï¸Â©ï¸ğŸ…¾ï¸
pair,p a i r,ğŸ…¿ï¸ğŸ…°ï¸â„¹ï¸Â®ï¸
pais,p a i s,ğŸ…¿ï¸ğŸ…°ï¸â„¹ï¸ğŸ’²
pam,p a m,ğŸ…¿ï¸ğŸ…°ï¸â™
pama,p a m a,ğŸ…¿ï¸ğŸ…°ï¸â™ğŸ…°ï¸
pampa,p a m p a,ğŸ…¿ï¸ğŸ…°ï¸â™ğŸ…¿ï¸ğŸ…°ï¸
pang,p a ng,ğŸ…¿ï¸ğŸ…°ï¸ğŸ†–
pangang,p a ng a ng,ğŸ…¿ï¸ğŸ…°ï¸ğŸ†–ğŸ…°ï¸ğŸ†–
pangis,p a ng i s,ğŸ…¿ï¸ğŸ…°ï¸ğŸ†–â„¹ï¸ğŸ’²
pap,p a p,ğŸ…¿ï¸ğŸ…°ï¸ğŸ…¿ï¸
pap,p a p,ğŸ…¿ï¸ğŸ…°ï¸ğŸ…¿ï¸
papa,p a p a,ğŸ…¿ï¸ğŸ…°ï¸ğŸ…¿ï¸ğŸ…°ï¸
papa,p a p a,ğŸ…¿ï¸ğŸ…°ï¸ğŸ…¿ï¸ğŸ…°ï¸
papendom,p a p end o m,ğŸ…¿ï¸ğŸ…°ï¸ğŸ…¿ï¸ğŸ”šğŸ…¾ï¸â™
paping,p a p i ng,ğŸ…¿ï¸ğŸ…°ï¸ğŸ…¿ï¸â„¹ï¸ğŸ†–
pappa,p a p p a,ğŸ…¿ï¸ğŸ…°ï¸ğŸ…¿ï¸ğŸ…¿ï¸ğŸ…°ï¸
paps,p a p s,ğŸ…¿ï¸ğŸ…°ï¸ğŸ…¿ï¸ğŸ’²
par,p a r,ğŸ…¿ï¸ğŸ…°ï¸Â®ï¸
para,p a r a,ğŸ…¿ï¸ğŸ…°ï¸Â®ï¸ğŸ…°ï¸
paramaribo,p a r a m a r i b o,ğŸ…¿ï¸ğŸ…°ï¸Â®ï¸ğŸ…°ï¸â™ğŸ…°ï¸Â®ï¸â„¹ï¸ğŸ…±ï¸ğŸ…¾ï¸
paramariboos,p a r a m a r i b o o s,ğŸ…¿ï¸ğŸ…°ï¸Â®ï¸ğŸ…°ï¸â™ğŸ…°ï¸Â®ï¸â„¹ï¸ğŸ…±ï¸ğŸ…¾ï¸ğŸ…¾ï¸ğŸ’²
parbo,p a r b o,ğŸ…¿ï¸ğŸ…°ï¸Â®ï¸ğŸ…±ï¸ğŸ…¾ï¸
pari,p a r i,ğŸ…¿ï¸ğŸ…°ï¸Â®ï¸â„¹ï¸
paria,p a r i a,ğŸ…¿ï¸ğŸ…°ï¸Â®ï¸â„¹ï¸ğŸ…°ï¸
paring,p a r i ng,ğŸ…¿ï¸ğŸ…°ï¸Â®ï¸â„¹ï¸ğŸ†–
paring,p a r i ng,ğŸ…¿ï¸ğŸ…°ï¸Â®ï¸â„¹ï¸ğŸ†–
paris,p a r i s,ğŸ…¿ï¸ğŸ…°ï¸Â®ï¸â„¹ï¸ğŸ’²
parma,p a r m a,ğŸ…¿ï¸ğŸ…°ï¸Â®ï¸â™ğŸ…°ï¸
pars,p a r s,ğŸ…¿ï¸ğŸ…°ï¸Â®ï¸ğŸ’²
pars,p a r s,ğŸ…¿ï¸ğŸ…°ï¸Â®ï¸ğŸ’²
parsa,p a r s a,ğŸ…¿ï¸ğŸ…°ï¸Â®ï¸ğŸ’²ğŸ…°ï¸
parsons,p a r s on s,ğŸ…¿ï¸ğŸ…°ï¸Â®ï¸ğŸ’²ğŸ”›ğŸ’²
pas,p a s,ğŸ…¿ï¸ğŸ…°ï¸ğŸ’²
pas,p a s,ğŸ…¿ï¸ğŸ…°ï¸ğŸ’²
pasar,p a s a r,ğŸ…¿ï¸ğŸ…°ï¸ğŸ’²ğŸ…°ï¸Â®ï¸
pasma,p a s m a,ğŸ…¿ï¸ğŸ…°ï¸ğŸ’²â™ğŸ…°ï¸
paso,p a s o,ğŸ…¿ï¸ğŸ…°ï¸ğŸ’²ğŸ…¾ï¸
pasop,p a s o p,ğŸ…¿ï¸ğŸ…°ï¸ğŸ’²ğŸ…¾ï¸ğŸ…¿ï¸
pass,p a s s,ğŸ…¿ï¸ğŸ…°ï¸ğŸ’²ğŸ’²
passim,p a s s i m,ğŸ…¿ï¸ğŸ…°ï¸ğŸ’²ğŸ’²â„¹ï¸â™
passing,p a s s i ng,ğŸ…¿ï¸ğŸ…°ï¸ğŸ’²ğŸ’²â„¹ï¸ğŸ†–
passon,p a s s on,ğŸ…¿ï¸ğŸ…°ï¸ğŸ’²ğŸ’²ğŸ”›
pc,p c,ğŸ…¿ï¸Â©ï¸
pcb,p c b,ğŸ…¿ï¸Â©ï¸ğŸ…±ï¸
pcb,p c b,ğŸ…¿ï¸Â©ï¸ğŸ…±ï¸
pcs,p c s,ğŸ…¿ï¸Â©ï¸ğŸ’²
pi,p i,ğŸ…¿ï¸â„¹ï¸
pia,p i a,ğŸ…¿ï¸â„¹ï¸ğŸ…°ï¸
piaam,p i a a m,ğŸ…¿ï¸â„¹ï¸ğŸ…°ï¸ğŸ…°ï¸â™
piais,p i a i s,ğŸ…¿ï¸â„¹ï¸ğŸ…°ï¸â„¹ï¸ğŸ’²
pias,p i a s,ğŸ…¿ï¸â„¹ï¸ğŸ…°ï¸ğŸ’²
pica,p i c a,ğŸ…¿ï¸â„¹ï¸Â©ï¸ğŸ…°ï¸
picasso,p i c a s s o,ğŸ…¿ï¸â„¹ï¸Â©ï¸ğŸ…°ï¸ğŸ’²ğŸ’²ğŸ…¾ï¸
pico,p i c o,ğŸ…¿ï¸â„¹ï¸Â©ï¸ğŸ…¾ï¸
pico,p i c o,ğŸ…¿ï¸â„¹ï¸Â©ï¸ğŸ…¾ï¸
pim,p i m,ğŸ…¿ï¸â„¹ï¸â™
ping,p i ng,ğŸ…¿ï¸â„¹ï¸ğŸ†–
pingo,p i ng o,ğŸ…¿ï¸â„¹ï¸ğŸ†–ğŸ…¾ï¸
pingos,p i ng o s,ğŸ…¿ï¸â„¹ï¸ğŸ†–ğŸ…¾ï¸ğŸ’²
pingping,p i ng p i ng,ğŸ…¿ï¸â„¹ï¸ğŸ†–ğŸ…¿ï¸â„¹ï¸ğŸ†–
pion,p i on,ğŸ…¿ï¸â„¹ï¸ğŸ”›
pip,p i p,ğŸ…¿ï¸â„¹ï¸ğŸ…¿ï¸
pip,p i p,ğŸ…¿ï¸â„¹ï¸ğŸ…¿ï¸
pippa,p i p p a,ğŸ…¿ï¸â„¹ï¸ğŸ…¿ï¸ğŸ…¿ï¸ğŸ…°ï¸
pippi,p i p p i,ğŸ…¿ï¸â„¹ï¸ğŸ…¿ï¸ğŸ…¿ï¸â„¹ï¸
pipping,p i p p i ng,ğŸ…¿ï¸â„¹ï¸ğŸ…¿ï¸ğŸ…¿ï¸â„¹ï¸ğŸ†–
pips,p i p s,ğŸ…¿ï¸â„¹ï¸ğŸ…¿ï¸ğŸ’²
pirson,p i r s on,ğŸ…¿ï¸â„¹ï¸Â®ï¸ğŸ’²ğŸ”›
pis,p i s,ğŸ…¿ï¸â„¹ï¸ğŸ’²
pis,p i s,ğŸ…¿ï¸â„¹ï¸ğŸ’²
pisa,p i s a,ğŸ…¿ï¸â„¹ï¸ğŸ’²ğŸ…°ï¸
pisang,p i s a ng,ğŸ…¿ï¸â„¹ï¸ğŸ’²ğŸ…°ï¸ğŸ†–
piso,p i s o,ğŸ…¿ï¸â„¹ï¸ğŸ’²ğŸ…¾ï¸
pissoir,p i s s o i r,ğŸ…¿ï¸â„¹ï¸ğŸ’²ğŸ’²ğŸ…¾ï¸â„¹ï¸Â®ï¸
po,p o,ğŸ…¿ï¸ğŸ…¾ï¸
po,p o,ğŸ…¿ï¸ğŸ…¾ï¸
pok,p ok,ğŸ…¿ï¸ğŸ†—
pom,p o m,ğŸ…¿ï¸ğŸ…¾ï¸â™
pomp,p o m p,ğŸ…¿ï¸ğŸ…¾ï¸â™ğŸ…¿ï¸
pomp,p o m p,ğŸ…¿ï¸ğŸ…¾ï¸â™ğŸ…¿ï¸
pompon,p o m p on,ğŸ…¿ï¸ğŸ…¾ï¸â™ğŸ…¿ï¸ğŸ”›
pon,p on,ğŸ…¿ï¸ğŸ”›
pons,p on s,ğŸ…¿ï¸ğŸ”›ğŸ’²
pons,p on s,ğŸ…¿ï¸ğŸ”›ğŸ’²
pooi,p o o i,ğŸ…¿ï¸ğŸ…¾ï¸ğŸ…¾ï¸â„¹ï¸
pook,p o ok,ğŸ…¿ï¸ğŸ…¾ï¸ğŸ†—
pook,p o ok,ğŸ…¿ï¸ğŸ…¾ï¸ğŸ†—
poon,p o on,ğŸ…¿ï¸ğŸ…¾ï¸ğŸ”›
poon,p o on,ğŸ…¿ï¸ğŸ…¾ï¸ğŸ”›
poona,p o on a,ğŸ…¿ï¸ğŸ…¾ï¸ğŸ”›ğŸ…°ï¸
poos,p o o s,ğŸ…¿ï¸ğŸ…¾ï¸ğŸ…¾ï¸ğŸ’²
poos,p o o s,ğŸ…¿ï¸ğŸ…¾ï¸ğŸ…¾ï¸ğŸ’²
pop,p o p,ğŸ…¿ï¸ğŸ…¾ï¸ğŸ…¿ï¸
popi,p o p i,ğŸ…¿ï¸ğŸ…¾ï¸ğŸ…¿ï¸â„¹ï¸
popma,p o p m a,ğŸ…¿ï¸ğŸ…¾ï¸ğŸ…¿ï¸â™ğŸ…°ï¸
popmooi,p o p m o o i,ğŸ…¿ï¸ğŸ…¾ï¸ğŸ…¿ï¸â™ğŸ…¾ï¸ğŸ…¾ï¸â„¹ï¸
popping,p o p p i ng,ğŸ…¿ï¸ğŸ…¾ï¸ğŸ…¿ï¸ğŸ…¿ï¸â„¹ï¸ğŸ†–
poppinga,p o p p i ng a,ğŸ…¿ï¸ğŸ…¾ï¸ğŸ…¿ï¸ğŸ…¿ï¸â„¹ï¸ğŸ†–ğŸ…°ï¸
popup,p o p up,ğŸ…¿ï¸ğŸ…¾ï¸ğŸ…¿ï¸ğŸ†™
por,p o r,ğŸ…¿ï¸ğŸ…¾ï¸Â®ï¸
por,p o r,ğŸ…¿ï¸ğŸ…¾ï¸Â®ï¸
porring,p o r r i ng,ğŸ…¿ï¸ğŸ…¾ï¸Â®ï¸Â®ï¸â„¹ï¸ğŸ†–
pos,p o s,ğŸ…¿ï¸ğŸ…¾ï¸ğŸ’²
posma,p o s m a,ğŸ…¿ï¸ğŸ…¾ï¸ğŸ’²â™ğŸ…°ï¸
postma,p o s tm a,ğŸ…¿ï¸ğŸ…¾ï¸ğŸ’²ï»¿â„¢ï¸ğŸ…°ï¸
potma,p o tm a,ğŸ…¿ï¸ğŸ…¾ï¸ï»¿â„¢ï¸ğŸ…°ï¸
pps,p p s,ğŸ…¿ï¸ğŸ…¿ï¸ğŸ’²
pr,p r,ğŸ…¿ï¸Â®ï¸
praai,p r a a i,ğŸ…¿ï¸Â®ï¸ğŸ…°ï¸ğŸ…°ï¸â„¹ï¸
praam,p r a a m,ğŸ…¿ï¸Â®ï¸ğŸ…°ï¸ğŸ…°ï¸â™
praas,p r a a s,ğŸ…¿ï¸Â®ï¸ğŸ…°ï¸ğŸ…°ï¸ğŸ’²
praia,p r a i a,ğŸ…¿ï¸Â®ï¸ğŸ…°ï¸â„¹ï¸ğŸ…°ï¸
prang,p r a ng,ğŸ…¿ï¸Â®ï¸ğŸ…°ï¸ğŸ†–
prima,p r i m a,ğŸ…¿ï¸Â®ï¸â„¹ï¸â™ğŸ…°ï¸
primair,p r i m a i r,ğŸ…¿ï¸Â®ï¸â„¹ï¸â™ğŸ…°ï¸â„¹ï¸Â®ï¸
primo,p r i m o,ğŸ…¿ï¸Â®ï¸â„¹ï¸â™ğŸ…¾ï¸
prion,p r i on,ğŸ…¿ï¸Â®ï¸â„¹ï¸ğŸ”›
prior,p r i o r,ğŸ…¿ï¸Â®ï¸â„¹ï¸ğŸ…¾ï¸Â®ï¸
priori,p r i o r i,ğŸ…¿ï¸Â®ï¸â„¹ï¸ğŸ…¾ï¸Â®ï¸â„¹ï¸
prisma,p r i s m a,ğŸ…¿ï¸Â®ï¸â„¹ï¸ğŸ’²â™ğŸ…°ï¸
pro,p r o,ğŸ…¿ï¸Â®ï¸ğŸ…¾ï¸
proclisis,p r o cl i s i s,ğŸ…¿ï¸Â®ï¸ğŸ…¾ï¸ğŸ†‘â„¹ï¸ğŸ’²â„¹ï¸ğŸ’²
promo,p r o m o,ğŸ…¿ï¸Â®ï¸ğŸ…¾ï¸â™ğŸ…¾ï¸
prooi,p r o o i,ğŸ…¿ï¸Â®ï¸ğŸ…¾ï¸ğŸ…¾ï¸â„¹ï¸
proos,p r o o s,ğŸ…¿ï¸Â®ï¸ğŸ…¾ï¸ğŸ…¾ï¸ğŸ’²
prop,p r o p,ğŸ…¿ï¸Â®ï¸ğŸ…¾ï¸ğŸ…¿ï¸
prop,p r o p,ğŸ…¿ï¸Â®ï¸ğŸ…¾ï¸ğŸ…¿ï¸
propaangas,p r o p a a ng a s,ğŸ…¿ï¸Â®ï¸ğŸ…¾ï¸ğŸ…¿ï¸ğŸ…°ï¸ğŸ…°ï¸ğŸ†–ğŸ…°ï¸ğŸ’²
propos,p r o p o s,ğŸ…¿ï¸Â®ï¸ğŸ…¾ï¸ğŸ…¿ï¸ğŸ…¾ï¸ğŸ’²
pross,p r o s s,ğŸ…¿ï¸Â®ï¸ğŸ…¾ï¸ğŸ’²ğŸ’²
ps,p s,ğŸ…¿ï¸ğŸ’²
ps,p s,ğŸ…¿ï¸ğŸ’²
psoriasis,p s o r i a s i s,ğŸ…¿ï¸ğŸ’²ğŸ…¾ï¸Â®ï¸â„¹ï¸ğŸ…°ï¸ğŸ’²â„¹ï¸ğŸ’²
pup,p up,ğŸ…¿ï¸ğŸ†™
ra,r a,Â®ï¸ğŸ…°ï¸
raai,r a a i,Â®ï¸ğŸ…°ï¸ğŸ…°ï¸â„¹ï¸
raai,r a a i,Â®ï¸ğŸ…°ï¸ğŸ…°ï¸â„¹ï¸
raam,r a a m,Â®ï¸ğŸ…°ï¸ğŸ…°ï¸â™
raam,r a a m,Â®ï¸ğŸ…°ï¸ğŸ…°ï¸â™
raangs,r a a ng s,Â®ï¸ğŸ…°ï¸ğŸ…°ï¸ğŸ†–ğŸ’²
raap,r a a p,Â®ï¸ğŸ…°ï¸ğŸ…°ï¸ğŸ…¿ï¸
raap,r a a p,Â®ï¸ğŸ…°ï¸ğŸ…°ï¸ğŸ…¿ï¸
raar,r a a r,Â®ï¸ğŸ…°ï¸ğŸ…°ï¸Â®ï¸
raas,r a a s,Â®ï¸ğŸ…°ï¸ğŸ…°ï¸ğŸ’²
raas,r a a s,Â®ï¸ğŸ…°ï¸ğŸ…°ï¸ğŸ’²
rabbi,r ab b i,Â®ï¸ğŸ†ğŸ…±ï¸â„¹ï¸
rabia,r ab i a,Â®ï¸ğŸ†â„¹ï¸ğŸ…°ï¸
rai,r a i,Â®ï¸ğŸ…°ï¸â„¹ï¸
raid,r a id,Â®ï¸ğŸ…°ï¸ğŸ†”
raio,r a i o,Â®ï¸ğŸ…°ï¸â„¹ï¸ğŸ…¾ï¸
raisa,r a i s a,Â®ï¸ğŸ…°ï¸â„¹ï¸ğŸ’²ğŸ…°ï¸
ram,r a m,Â®ï¸ğŸ…°ï¸â™
ram,r a m,Â®ï¸ğŸ…°ï¸â™
ram,r a m,Â®ï¸ğŸ…°ï¸â™
rama,r a m a,Â®ï¸ğŸ…°ï¸â™ğŸ…°ï¸
rambo,r a m b o,Â®ï¸ğŸ…°ï¸â™ğŸ…±ï¸ğŸ…¾ï¸
rami,r a m i,Â®ï¸ğŸ…°ï¸â™â„¹ï¸
raming,r a m i ng,Â®ï¸ğŸ…°ï¸â™â„¹ï¸ğŸ†–
raming,r a m i ng,Â®ï¸ğŸ…°ï¸â™â„¹ï¸ğŸ†–
ramiro,r a m i r o,Â®ï¸ğŸ…°ï¸â™â„¹ï¸Â®ï¸ğŸ…¾ï¸
ramon,r a m on,Â®ï¸ğŸ…°ï¸â™ğŸ”›
ramona,r a m on a,Â®ï¸ğŸ…°ï¸â™ğŸ”›ğŸ…°ï¸
ramos,r a m o s,Â®ï¸ğŸ…°ï¸â™ğŸ…¾ï¸ğŸ’²
ramp,r a m p,Â®ï¸ğŸ…°ï¸â™ğŸ…¿ï¸
rampok,r a m p ok,Â®ï¸ğŸ…°ï¸â™ğŸ…¿ï¸ğŸ†—
rams,r a m s,Â®ï¸ğŸ…°ï¸â™ğŸ’²
rang,r a ng,Â®ï¸ğŸ…°ï¸ğŸ†–
rangoon,r a ng o on,Â®ï¸ğŸ…°ï¸ğŸ†–ğŸ…¾ï¸ğŸ”›
rap,r a p,Â®ï¸ğŸ…°ï¸ğŸ…¿ï¸
rap,r a p,Â®ï¸ğŸ…°ï¸ğŸ…¿ï¸
rap,r a p,Â®ï¸ğŸ…°ï¸ğŸ…¿ï¸
rara,r a r a,Â®ï¸ğŸ…°ï¸Â®ï¸ğŸ…°ï¸
ras,r a s,Â®ï¸ğŸ…°ï¸ğŸ’²
ras,r a s,Â®ï¸ğŸ…°ï¸ğŸ’²
rasa,r a s a,Â®ï¸ğŸ…°ï¸ğŸ’²ğŸ…°ï¸
rasing,r a s i ng,Â®ï¸ğŸ…°ï¸ğŸ’²â„¹ï¸ğŸ†–
rasp,r a s p,Â®ï¸ğŸ…°ï¸ğŸ’²ğŸ…¿ï¸
rasp,r a s p,Â®ï¸ğŸ…°ï¸ğŸ’²ğŸ…¿ï¸
rendang,r end a ng,Â®ï¸ğŸ”šğŸ…°ï¸ğŸ†–
ria,r i a,Â®ï¸â„¹ï¸ğŸ…°ï¸
rib,r i b,Â®ï¸â„¹ï¸ğŸ…±ï¸
rib,r i b,Â®ï¸â„¹ï¸ğŸ…±ï¸
ribbon,r i b b on,Â®ï¸â„¹ï¸ğŸ…±ï¸ğŸ…±ï¸ğŸ”›
ribbons,r i b b on s,Â®ï¸â„¹ï¸ğŸ…±ï¸ğŸ…±ï¸ğŸ”›ğŸ’²
ribosoom,r i b o s o o m,Â®ï¸â„¹ï¸ğŸ…±ï¸ğŸ…¾ï¸ğŸ’²ğŸ…¾ï¸ğŸ…¾ï¸â™
rica,r i c a,Â®ï¸â„¹ï¸Â©ï¸ğŸ…°ï¸
ricambio,r i c a m b i o,Â®ï¸â„¹ï¸Â©ï¸ğŸ…°ï¸â™ğŸ…±ï¸â„¹ï¸ğŸ…¾ï¸
ricco,r i c c o,Â®ï¸â„¹ï¸Â©ï¸Â©ï¸ğŸ…¾ï¸
rico,r i c o,Â®ï¸â„¹ï¸Â©ï¸ğŸ…¾ï¸
rim,r i m,Â®ï¸â„¹ï¸â™
rimram,r i m r a m,Â®ï¸â„¹ï¸â™Â®ï¸ğŸ…°ï¸â™
ring,r i ng,Â®ï¸â„¹ï¸ğŸ†–
ring,r i ng,Â®ï¸â„¹ï¸ğŸ†–
ringma,r i ng m a,Â®ï¸â„¹ï¸ğŸ†–â™ğŸ…°ï¸
ringo,r i ng o,Â®ï¸â„¹ï¸ğŸ†–ğŸ…¾ï¸
rio,r i o,Â®ï¸â„¹ï¸ğŸ…¾ï¸
rio,r i o,Â®ï¸â„¹ï¸ğŸ…¾ï¸
rip,r i p,Â®ï¸â„¹ï¸ğŸ…¿ï¸
rip,r i p,Â®ï¸â„¹ï¸ğŸ…¿ï¸
rips,r i p s,Â®ï¸â„¹ï¸ğŸ…¿ï¸ğŸ’²
ris,r i s,Â®ï¸â„¹ï¸ğŸ’²
risico,r i s i c o,Â®ï¸â„¹ï¸ğŸ’²â„¹ï¸Â©ï¸ğŸ…¾ï¸
rison,r i s on,Â®ï¸â„¹ï¸ğŸ’²ğŸ”›
roaring,r o a r i ng,Â®ï¸ğŸ…¾ï¸ğŸ…°ï¸Â®ï¸â„¹ï¸ğŸ†–
rob,r o b,Â®ï¸ğŸ…¾ï¸ğŸ…±ï¸
robaais,r o b a a i s,Â®ï¸ğŸ…¾ï¸ğŸ…±ï¸ğŸ…°ï¸ğŸ…°ï¸â„¹ï¸ğŸ’²
robs,r o b s,Â®ï¸ğŸ…¾ï¸ğŸ…±ï¸ğŸ’²
roc,r o c,Â®ï¸ğŸ…¾ï¸Â©ï¸
rocco,r o c c o,Â®ï¸ğŸ…¾ï¸Â©ï¸Â©ï¸ğŸ…¾ï¸
rococo,r o c o c o,Â®ï¸ğŸ…¾ï¸Â©ï¸ğŸ…¾ï¸Â©ï¸ğŸ…¾ï¸
rocs,r o c s,Â®ï¸ğŸ…¾ï¸Â©ï¸ğŸ’²
rok,r ok,Â®ï¸ğŸ†—
roks,r ok s,Â®ï¸ğŸ†—ğŸ’²
roma,r o m a,Â®ï¸ğŸ…¾ï¸â™ğŸ…°ï¸
romario,r o m a r i o,Â®ï¸ğŸ…¾ï¸â™ğŸ…°ï¸Â®ï¸â„¹ï¸ğŸ…¾ï¸
rommendom,r o m m end o m,Â®ï¸ğŸ…¾ï¸â™â™ğŸ”šğŸ…¾ï¸â™
romp,r o m p,Â®ï¸ğŸ…¾ï¸â™ğŸ…¿ï¸
rompa,r o m p a,Â®ï¸ğŸ…¾ï¸â™ğŸ…¿ï¸ğŸ…°ï¸
ron,r on,Â®ï¸ğŸ”›
rona,r on a,Â®ï¸ğŸ”›ğŸ…°ï¸
roo,r o o,Â®ï¸ğŸ…¾ï¸ğŸ…¾ï¸
rooi,r o o i,Â®ï¸ğŸ…¾ï¸ğŸ…¾ï¸â„¹ï¸
rooi,r o o i,Â®ï¸ğŸ…¾ï¸ğŸ…¾ï¸â„¹ï¸
rooiing,r o o i i ng,Â®ï¸ğŸ…¾ï¸ğŸ…¾ï¸â„¹ï¸â„¹ï¸ğŸ†–
rook,r o ok,Â®ï¸ğŸ…¾ï¸ğŸ†—
rook,r o ok,Â®ï¸ğŸ…¾ï¸ğŸ†—
rook,r o ok,Â®ï¸ğŸ…¾ï¸ğŸ†—
rookbaai,r o ok b a a i,Â®ï¸ğŸ…¾ï¸ğŸ†—ğŸ…±ï¸ğŸ…°ï¸ğŸ…°ï¸â„¹ï¸
rookbaar,r o ok b a a r,Â®ï¸ğŸ…¾ï¸ğŸ†—ğŸ…±ï¸ğŸ…°ï¸ğŸ…°ï¸Â®ï¸
rooks,r o ok s,Â®ï¸ğŸ…¾ï¸ğŸ†—ğŸ’²
rookstop,r o ok s top,Â®ï¸ğŸ…¾ï¸ğŸ†—ğŸ’²ğŸ”
room,r o o m,Â®ï¸ğŸ…¾ï¸ğŸ…¾ï¸â™
room,r o o m,Â®ï¸ğŸ…¾ï¸ğŸ…¾ï¸â™
room,r o o m,Â®ï¸ğŸ…¾ï¸ğŸ…¾ï¸â™
rooms,r o o m s,Â®ï¸ğŸ…¾ï¸ğŸ…¾ï¸â™ğŸ’²
rooms,r o o m s,Â®ï¸ğŸ…¾ï¸ğŸ…¾ï¸â™ğŸ’²
rooms,r o o m s,Â®ï¸ğŸ…¾ï¸ğŸ…¾ï¸â™ğŸ’²
roon,r o on,Â®ï¸ğŸ…¾ï¸ğŸ”›
roor,r o o r,Â®ï¸ğŸ…¾ï¸ğŸ…¾ï¸Â®ï¸
roos,r o o s,Â®ï¸ğŸ…¾ï¸ğŸ…¾ï¸ğŸ’²
roos,r o o s,Â®ï¸ğŸ…¾ï¸ğŸ…¾ï¸ğŸ’²
roosma,r o o s m a,Â®ï¸ğŸ…¾ï¸ğŸ…¾ï¸ğŸ’²â™ğŸ…°ï¸
rop,r o p,Â®ï¸ğŸ…¾ï¸ğŸ…¿ï¸
rop,r o p,Â®ï¸ğŸ…¾ï¸ğŸ…¿ï¸
roro,r o r o,Â®ï¸ğŸ…¾ï¸Â®ï¸ğŸ…¾ï¸
ros,r o s,Â®ï¸ğŸ…¾ï¸ğŸ’²
ros,r o s,Â®ï¸ğŸ…¾ï¸ğŸ’²
ros,r o s,Â®ï¸ğŸ…¾ï¸ğŸ’²
rosa,r o s a,Â®ï¸ğŸ…¾ï¸ğŸ’²ğŸ…°ï¸
rosaria,r o s a r i a,Â®ï¸ğŸ…¾ï¸ğŸ’²ğŸ…°ï¸Â®ï¸â„¹ï¸ğŸ…°ï¸
rosario,r o s a r i o,Â®ï¸ğŸ…¾ï¸ğŸ’²ğŸ…°ï¸Â®ï¸â„¹ï¸ğŸ…¾ï¸
rosing,r o s i ng,Â®ï¸ğŸ…¾ï¸ğŸ’²â„¹ï¸ğŸ†–
ross,r o s s,Â®ï¸ğŸ…¾ï¸ğŸ’²ğŸ’²
rossing,r o s s i ng,Â®ï¸ğŸ…¾ï¸ğŸ’²ğŸ’²â„¹ï¸ğŸ†–
rossing,r o s s i ng,Â®ï¸ğŸ…¾ï¸ğŸ’²ğŸ’²â„¹ï¸ğŸ†–
rs,r s,Â®ï¸ğŸ’²
rsi,r s i,Â®ï¸ğŸ’²â„¹ï¸
rss,r s s,Â®ï¸ğŸ’²ğŸ’²
rups,r up s,Â®ï¸ğŸ†™ğŸ’²
rvs,r vs,Â®ï¸ğŸ†š
rvs,r vs,Â®ï¸ğŸ†š
s,s,ğŸ’²
s,s,ğŸ’²
sa,s a,ğŸ’²ğŸ…°ï¸
saab,s a ab,ğŸ’²ğŸ…°ï¸ğŸ†
saai,s a a i,ğŸ’²ğŸ…°ï¸ğŸ…°ï¸â„¹ï¸
saam,s a a m,ğŸ’²ğŸ…°ï¸ğŸ…°ï¸â™
saar,s a a r,ğŸ’²ğŸ…°ï¸ğŸ…°ï¸Â®ï¸
saas,s a a s,ğŸ’²ğŸ…°ï¸ğŸ…°ï¸ğŸ’²
saba,s ab a,ğŸ’²ğŸ†ğŸ…°ï¸
sabir,s ab i r,ğŸ’²ğŸ†â„¹ï¸Â®ï¸
sabra,s ab r a,ğŸ’²ğŸ†Â®ï¸ğŸ…°ï¸
sabri,s ab r i,ğŸ’²ğŸ†Â®ï¸â„¹ï¸
sai,s a i,ğŸ’²ğŸ…°ï¸â„¹ï¸
said,s a id,ğŸ’²ğŸ…°ï¸ğŸ†”
saida,s a id a,ğŸ’²ğŸ…°ï¸ğŸ†”ğŸ…°ï¸
saidi,s a id i,ğŸ’²ğŸ…°ï¸ğŸ†”â„¹ï¸
sam,s a m,ğŸ’²ğŸ…°ï¸â™
samaar,s a m a a r,ğŸ’²ğŸ…°ï¸â™ğŸ…°ï¸ğŸ…°ï¸Â®ï¸
samar,s a m a r,ğŸ’²ğŸ…°ï¸â™ğŸ…°ï¸Â®ï¸
samara,s a m a r a,ğŸ’²ğŸ…°ï¸â™ğŸ…°ï¸Â®ï¸ğŸ…°ï¸
samaria,s a m a r i a,ğŸ’²ğŸ…°ï¸â™ğŸ…°ï¸Â®ï¸â„¹ï¸ğŸ…°ï¸
samba,s a m b a,ğŸ’²ğŸ…°ï¸â™ğŸ…±ï¸ğŸ…°ï¸
sambo,s a m b o,ğŸ’²ğŸ…°ï¸â™ğŸ…±ï¸ğŸ…¾ï¸
sami,s a m i,ğŸ’²ğŸ…°ï¸â™â„¹ï¸
samir,s a m i r,ğŸ’²ğŸ…°ï¸â™â„¹ï¸Â®ï¸
samira,s a m i r a,ğŸ’²ğŸ…°ï¸â™â„¹ï¸Â®ï¸ğŸ…°ï¸
samoa,s a m o a,ğŸ’²ğŸ…°ï¸â™ğŸ…¾ï¸ğŸ…°ï¸
samsam,s a m s a m,ğŸ’²ğŸ…°ï¸â™ğŸ’²ğŸ…°ï¸â™
samsam,s a m s a m,ğŸ’²ğŸ…°ï¸â™ğŸ’²ğŸ…°ï¸â™
samsom,s a m s o m,ğŸ’²ğŸ…°ï¸â™ğŸ’²ğŸ…¾ï¸â™
samson,s a m s on,ğŸ’²ğŸ…°ï¸â™ğŸ’²ğŸ”›
sang,s a ng,ğŸ’²ğŸ…°ï¸ğŸ†–
sangria,s a ng r i a,ğŸ’²ğŸ…°ï¸ğŸ†–Â®ï¸â„¹ï¸ğŸ…°ï¸
sao,s a o,ğŸ’²ğŸ…°ï¸ğŸ…¾ï¸
sap,s a p,ğŸ’²ğŸ…°ï¸ğŸ…¿ï¸
sar,s a r,ğŸ’²ğŸ…°ï¸Â®ï¸
sara,s a r a,ğŸ’²ğŸ…°ï¸Â®ï¸ğŸ…°ï¸
sara,s a r a,ğŸ’²ğŸ…°ï¸Â®ï¸ğŸ…°ï¸
sarai,s a r a i,ğŸ’²ğŸ…°ï¸Â®ï¸ğŸ…°ï¸â„¹ï¸
saramacca,s a r a m a c c a,ğŸ’²ğŸ…°ï¸Â®ï¸ğŸ…°ï¸â™ğŸ…°ï¸Â©ï¸Â©ï¸ğŸ…°ï¸
sarcoom,s a r c o o m,ğŸ’²ğŸ…°ï¸Â®ï¸Â©ï¸ğŸ…¾ï¸ğŸ…¾ï¸â™
sari,s a r i,ğŸ’²ğŸ…°ï¸Â®ï¸â„¹ï¸
sari,s a r i,ğŸ’²ğŸ…°ï¸Â®ï¸â„¹ï¸
saris,s a r i s,ğŸ’²ğŸ…°ï¸Â®ï¸â„¹ï¸ğŸ’²
sars,s a r s,ğŸ’²ğŸ…°ï¸Â®ï¸ğŸ’²
sas,s a s,ğŸ’²ğŸ…°ï¸ğŸ’²
sbb,s b b,ğŸ’²ğŸ…±ï¸ğŸ…±ï¸
sbs,s b s,ğŸ’²ğŸ…±ï¸ğŸ’²
scampi,s c a m p i,ğŸ’²Â©ï¸ğŸ…°ï¸â™ğŸ…¿ï¸â„¹ï¸
scipio,s c i p i o,ğŸ’²Â©ï¸â„¹ï¸ğŸ…¿ï¸â„¹ï¸ğŸ…¾ï¸
scoop,s c o o p,ğŸ’²Â©ï¸ğŸ…¾ï¸ğŸ…¾ï¸ğŸ…¿ï¸
scoor,s c o o r,ğŸ’²Â©ï¸ğŸ…¾ï¸ğŸ…¾ï¸Â®ï¸
scoring,s c o r i ng,ğŸ’²Â©ï¸ğŸ…¾ï¸Â®ï¸â„¹ï¸ğŸ†–
scoring,s c o r i ng,ğŸ’²Â©ï¸ğŸ…¾ï¸Â®ï¸â„¹ï¸ğŸ†–
scraps,s c r a p s,ğŸ’²Â©ï¸Â®ï¸ğŸ…°ï¸ğŸ…¿ï¸ğŸ’²
scriba,s c r i b a,ğŸ’²Â©ï¸Â®ï¸â„¹ï¸ğŸ…±ï¸ğŸ…°ï¸
scrip,s c r i p,ğŸ’²Â©ï¸Â®ï¸â„¹ï¸ğŸ…¿ï¸
si,s i,ğŸ’²â„¹ï¸
siamang,s i a m a ng,ğŸ’²â„¹ï¸ğŸ…°ï¸â™ğŸ…°ï¸ğŸ†–
sibbing,s i b b i ng,ğŸ’²â„¹ï¸ğŸ…±ï¸ğŸ…±ï¸â„¹ï¸ğŸ†–
sibma,s i b m a,ğŸ’²â„¹ï¸ğŸ…±ï¸â™ğŸ…°ï¸
sibon,s i b on,ğŸ’²â„¹ï¸ğŸ…±ï¸ğŸ”›
sic,s i c,ğŸ’²â„¹ï¸Â©ï¸
siccama,s i c c a m a,ğŸ’²â„¹ï¸Â©ï¸Â©ï¸ğŸ…°ï¸â™ğŸ…°ï¸
sicco,s i c c o,ğŸ’²â„¹ï¸Â©ï¸Â©ï¸ğŸ…¾ï¸
sid,s id,ğŸ’²ğŸ†”
sidi,s id i,ğŸ’²ğŸ†”â„¹ï¸
sidon,s id on,ğŸ’²ğŸ†”ğŸ”›
sidra,s id r a,ğŸ’²ğŸ†”Â®ï¸ğŸ…°ï¸
sim,s i m,ğŸ’²â„¹ï¸â™
sim,s i m,ğŸ’²â„¹ï¸â™
sima,s i m a,ğŸ’²â„¹ï¸â™ğŸ…°ï¸
simi,s i m i,ğŸ’²â„¹ï¸â™â„¹ï¸
simmons,s i m m on s,ğŸ’²â„¹ï¸â™â™ğŸ”›ğŸ’²
simon,s i m on,ğŸ’²â„¹ï¸â™ğŸ”›
simona,s i m on a,ğŸ’²â„¹ï¸â™ğŸ”›ğŸ…°ï¸
simonis,s i m on i s,ğŸ’²â„¹ï¸â™ğŸ”›â„¹ï¸ğŸ’²
simpson,s i m p s on,ğŸ’²â„¹ï¸â™ğŸ…¿ï¸ğŸ’²ğŸ”›
sims,s i m s,ğŸ’²â„¹ï¸â™ğŸ’²
simson,s i m s on,ğŸ’²â„¹ï¸â™ğŸ’²ğŸ”›
sing,s i ng,ğŸ’²â„¹ï¸ğŸ†–
sion,s i on,ğŸ’²â„¹ï¸ğŸ”›
sip,s i p,ğŸ’²â„¹ï¸ğŸ…¿ï¸
sip,s i p,ğŸ’²â„¹ï¸ğŸ…¿ï¸
sipma,s i p m a,ğŸ’²â„¹ï¸ğŸ…¿ï¸â™ğŸ…°ï¸
sipsma,s i p s m a,ğŸ’²â„¹ï¸ğŸ…¿ï¸ğŸ’²â™ğŸ…°ï¸
sira,s i r a,ğŸ’²â„¹ï¸Â®ï¸ğŸ…°ï¸
sirocco,s i r o c c o,ğŸ’²â„¹ï¸Â®ï¸ğŸ…¾ï¸Â©ï¸Â©ï¸ğŸ…¾ï¸
siroop,s i r o o p,ğŸ’²â„¹ï¸Â®ï¸ğŸ…¾ï¸ğŸ…¾ï¸ğŸ…¿ï¸
sis,s i s,ğŸ’²â„¹ï¸ğŸ’²
sis,s i s,ğŸ’²â„¹ï¸ğŸ’²
sissi,s i s s i,ğŸ’²â„¹ï¸ğŸ’²ğŸ’²â„¹ï¸
sissing,s i s s i ng,ğŸ’²â„¹ï¸ğŸ’²ğŸ’²â„¹ï¸ğŸ†–
sm,s m,ğŸ’²â™
smc,s m c,ğŸ’²â™Â©ï¸
smid,s m id,ğŸ’²â™ğŸ†”
smidsbaas,s m id s b a a s,ğŸ’²â™ğŸ†”ğŸ’²ğŸ…±ï¸ğŸ…°ï¸ğŸ…°ï¸ğŸ’²
smis,s m i s,ğŸ’²â™â„¹ï¸ğŸ’²
smok,s m ok,ğŸ’²â™ğŸ†—
smok,s m ok,ğŸ’²â™ğŸ†—
smoking,s m ok i ng,ğŸ’²â™ğŸ†—â„¹ï¸ğŸ†–
smook,s m o ok,ğŸ’²â™ğŸ…¾ï¸ğŸ†—
smook,s m o ok,ğŸ’²â™ğŸ…¾ï¸ğŸ†—
smoor,s m o o r,ğŸ’²â™ğŸ…¾ï¸ğŸ…¾ï¸Â®ï¸
smoor,s m o o r,ğŸ’²â™ğŸ…¾ï¸ğŸ…¾ï¸Â®ï¸
smos,s m o s,ğŸ’²â™ğŸ…¾ï¸ğŸ’²
sms,s m s,ğŸ’²â™ğŸ’²
sms,s m s,ğŸ’²â™ğŸ’²
so,s o,ğŸ’²ğŸ…¾ï¸
soa,s o a,ğŸ’²ğŸ…¾ï¸ğŸ…°ï¸
soap,s o a p,ğŸ’²ğŸ…¾ï¸ğŸ…°ï¸ğŸ…¿ï¸
soenda,s o end a,ğŸ’²ğŸ…¾ï¸ğŸ”šğŸ…°ï¸
sok,s ok,ğŸ’²ğŸ†—
som,s o m,ğŸ’²ğŸ…¾ï¸â™
som,s o m,ğŸ’²ğŸ…¾ï¸â™
soma,s o m a,ğŸ’²ğŸ…¾ï¸â™ğŸ…°ï¸
somai,s o m a i,ğŸ’²ğŸ…¾ï¸â™ğŸ…°ï¸â„¹ï¸
somma,s o m m a,ğŸ’²ğŸ…¾ï¸â™â™ğŸ…°ï¸
somp,s o m p,ğŸ’²ğŸ…¾ï¸â™ğŸ…¿ï¸
son,s on,ğŸ’²ğŸ”›
sonar,s on a r,ğŸ’²ğŸ”›ğŸ…°ï¸Â®ï¸
sonia,s on i a,ğŸ’²ğŸ”›â„¹ï¸ğŸ…°ï¸
sonoor,s on o o r,ğŸ’²ğŸ”›ğŸ…¾ï¸ğŸ…¾ï¸Â®ï¸
sons,s on s,ğŸ’²ğŸ”›ğŸ’²
sonsma,s on s m a,ğŸ’²ğŸ”›ğŸ’²â™ğŸ…°ï¸
sooi,s o o i,ğŸ’²ğŸ…¾ï¸ğŸ…¾ï¸â„¹ï¸
soons,soon s,ğŸ”œğŸ’²
soos,s o o s,ğŸ’²ğŸ…¾ï¸ğŸ…¾ï¸ğŸ’²
sop,s o p,ğŸ’²ğŸ…¾ï¸ğŸ…¿ï¸
sop,s o p,ğŸ’²ğŸ…¾ï¸ğŸ…¿ï¸
sopropo,s o p r o p o,ğŸ’²ğŸ…¾ï¸ğŸ…¿ï¸Â®ï¸ğŸ…¾ï¸ğŸ…¿ï¸ğŸ…¾ï¸
sos,sos,ğŸ†˜
sp,s p,ğŸ’²ğŸ…¿ï¸
spa,s p a,ğŸ’²ğŸ…¿ï¸ğŸ…°ï¸
spa,s p a,ğŸ’²ğŸ…¿ï¸ğŸ…°ï¸
spaar,s p a a r,ğŸ’²ğŸ…¿ï¸ğŸ…°ï¸ğŸ…°ï¸Â®ï¸
spaar,s p a a r,ğŸ’²ğŸ…¿ï¸ğŸ…°ï¸ğŸ…°ï¸Â®ï¸
spam,s p a m,ğŸ’²ğŸ…¿ï¸ğŸ…°ï¸â™
spang,s p a ng,ğŸ’²ğŸ…¿ï¸ğŸ…°ï¸ğŸ†–
spanga,s p a ng a,ğŸ’²ğŸ…¿ï¸ğŸ…°ï¸ğŸ†–ğŸ…°ï¸
spar,s p a r,ğŸ’²ğŸ…¿ï¸ğŸ…°ï¸Â®ï¸
spar,s p a r,ğŸ’²ğŸ…¿ï¸ğŸ…°ï¸Â®ï¸
sparing,s p a r i ng,ğŸ’²ğŸ…¿ï¸ğŸ…°ï¸Â®ï¸â„¹ï¸ğŸ†–
spion,s p i on,ğŸ’²ğŸ…¿ï¸â„¹ï¸ğŸ”›
spon,s p on,ğŸ’²ğŸ…¿ï¸ğŸ”›
spon,s p on,ğŸ’²ğŸ…¿ï¸ğŸ”›
spons,s p on s,ğŸ’²ğŸ…¿ï¸ğŸ”›ğŸ’²
spons,s p on s,ğŸ’²ğŸ…¿ï¸ğŸ”›ğŸ’²
spons,s p on s,ğŸ’²ğŸ…¿ï¸ğŸ”›ğŸ’²
sponsor,s p on s o r,ğŸ’²ğŸ…¿ï¸ğŸ”›ğŸ’²ğŸ…¾ï¸Â®ï¸
sponsor,s p on s o r,ğŸ’²ğŸ…¿ï¸ğŸ”›ğŸ’²ğŸ…¾ï¸Â®ï¸
sponsoring,s p on s o r i ng,ğŸ’²ğŸ…¿ï¸ğŸ”›ğŸ’²ğŸ…¾ï¸Â®ï¸â„¹ï¸ğŸ†–
sponsoring,s p on s o r i ng,ğŸ’²ğŸ…¿ï¸ğŸ”›ğŸ’²ğŸ…¾ï¸Â®ï¸â„¹ï¸ğŸ†–
spook,s p o ok,ğŸ’²ğŸ…¿ï¸ğŸ…¾ï¸ğŸ†—
spook,s p o ok,ğŸ’²ğŸ…¿ï¸ğŸ…¾ï¸ğŸ†—
spoor,s p o o r,ğŸ’²ğŸ…¿ï¸ğŸ…¾ï¸ğŸ…¾ï¸Â®ï¸
spoor,s p o o r,ğŸ’²ğŸ…¿ï¸ğŸ…¾ï¸ğŸ…¾ï¸Â®ï¸
sprang,s p r a ng,ğŸ’²ğŸ…¿ï¸Â®ï¸ğŸ…°ï¸ğŸ†–
spring,s p r i ng,ğŸ’²ğŸ…¿ï¸Â®ï¸â„¹ï¸ğŸ†–
spring,s p r i ng,ğŸ’²ğŸ…¿ï¸Â®ï¸â„¹ï¸ğŸ†–
spring,s p r i ng,ğŸ’²ğŸ…¿ï¸Â®ï¸â„¹ï¸ğŸ†–
sri,s r i,ğŸ’²Â®ï¸â„¹ï¸
ss,s s,ğŸ’²ğŸ’²
ss,s s,ğŸ’²ğŸ’²
stop,s top,ğŸ’²ğŸ”
stop,s top,ğŸ’²ğŸ”
stopping,s top p i ng,ğŸ’²ğŸ”ğŸ…¿ï¸â„¹ï¸ğŸ†–
top,top,ğŸ”
top,top,ğŸ”
topaas,top a a s,ğŸ”ğŸ…°ï¸ğŸ…°ï¸ğŸ’²
topas,top a s,ğŸ”ğŸ…°ï¸ğŸ’²
topic,top i c,ğŸ”â„¹ï¸Â©ï¸
topo,top o,ğŸ”ğŸ…¾ï¸
topoi,top o i,ğŸ”ğŸ…¾ï¸â„¹ï¸
topos,top o s,ğŸ”ğŸ…¾ï¸ğŸ’²
topping,top p i ng,ğŸ”ğŸ…¿ï¸â„¹ï¸ğŸ†–
tops,top s,ğŸ”ğŸ’²
tops,top s,ğŸ”ğŸ’²
upc,up c,ğŸ†™Â©ï¸
ups,up s,ğŸ†™ğŸ’²
vs,vs,ğŸ†š
vs,vs,ğŸ†š
vsb,vs b,ğŸ†šğŸ…±ï¸
wc,wc,ğŸš¾
wcs,wc s,ğŸš¾ğŸ’²
wcs,wc s,ğŸš¾ğŸ’²
