campionissimi,c a m p i on i s s i m i,Â©ï¸ğŸ…°ï¸â“‚ğŸ…¿ï¸â„¹ï¸ğŸ”›â„¹ï¸ğŸ’²ğŸ’²â„¹ï¸â“‚â„¹ï¸
campionissimo,c a m p i on i s s i m o,Â©ï¸ğŸ…°ï¸â“‚ğŸ…¿ï¸â„¹ï¸ğŸ”›â„¹ï¸ğŸ’²ğŸ’²â„¹ï¸â“‚ğŸ…¾ï¸
commissionair,c o m m i s s i on a i r,Â©ï¸ğŸ…¾ï¸â“‚â“‚â„¹ï¸ğŸ’²ğŸ’²â„¹ï¸ğŸ”›ğŸ…°ï¸â„¹ï¸Â®ï¸
commissionair,c o m m i s s i on a i r,Â©ï¸ğŸ…¾ï¸â“‚â“‚â„¹ï¸ğŸ’²ğŸ’²â„¹ï¸ğŸ”›ğŸ…°ï¸â„¹ï¸Â®ï¸
paramariboos,p a r a m a r i b o o s,ğŸ…¿ï¸ğŸ…°ï¸Â®ï¸ğŸ…°ï¸â“‚ğŸ…°ï¸Â®ï¸â„¹ï¸ğŸ…±ï¸ğŸ…¾ï¸ğŸ…¾ï¸ğŸ’²
barbarendom,b a r b a r end o m,ğŸ…±ï¸ğŸ…°ï¸Â®ï¸ğŸ…±ï¸ğŸ…°ï¸Â®ï¸ğŸ”šğŸ…¾ï¸â“‚
commissaris,c o m m i s s a r i s,Â©ï¸ğŸ…¾ï¸â“‚â“‚â„¹ï¸ğŸ’²ğŸ’²ğŸ…°ï¸Â®ï¸â„¹ï¸ğŸ’²
macrokosmos,m a c r ok o s m o s,â“‚ğŸ…°ï¸Â©ï¸Â®ï¸ğŸ†—ğŸ…¾ï¸ğŸ’²â“‚ğŸ…¾ï¸ğŸ’²
microkosmos,m i c r ok o s m o s,â“‚â„¹ï¸Â©ï¸Â®ï¸ğŸ†—ğŸ…¾ï¸ğŸ’²â“‚ğŸ…¾ï¸ğŸ’²
missionaris,m i s s i on a r i s,â“‚â„¹ï¸ğŸ’²ğŸ’²â„¹ï¸ğŸ”›ğŸ…°ï¸Â®ï¸â„¹ï¸ğŸ’²
mississippi,m i s s i s s i p p i,â“‚â„¹ï¸ğŸ’²ğŸ’²â„¹ï¸ğŸ’²ğŸ’²â„¹ï¸ğŸ…¿ï¸ğŸ…¿ï¸â„¹ï¸
opspoorbaar,o p s p o o r b a a r,ğŸ…¾ï¸ğŸ…¿ï¸ğŸ’²ğŸ…¿ï¸ğŸ…¾ï¸ğŸ…¾ï¸Â®ï¸ğŸ…±ï¸ğŸ…°ï¸ğŸ…°ï¸Â®ï¸
microscoop,m i c r o s c o o p,â“‚â„¹ï¸Â©ï¸Â®ï¸ğŸ…¾ï¸ğŸ’²Â©ï¸ğŸ…¾ï¸ğŸ…¾ï¸ğŸ…¿ï¸
missionair,m i s s i on a i r,â“‚â„¹ï¸ğŸ’²ğŸ’²â„¹ï¸ğŸ”›ğŸ…°ï¸â„¹ï¸Â®ï¸
opstopping,o p s top p i ng,ğŸ…¾ï¸ğŸ…¿ï¸ğŸ’²ğŸ”ğŸ…¿ï¸â„¹ï¸ğŸ†–
paramaribo,p a r a m a r i b o,ğŸ…¿ï¸ğŸ…°ï¸Â®ï¸ğŸ…°ï¸â“‚ğŸ…°ï¸Â®ï¸â„¹ï¸ğŸ…±ï¸ğŸ…¾ï¸
propaangas,p r o p a a ng a s,ğŸ…¿ï¸Â®ï¸ğŸ…¾ï¸ğŸ…¿ï¸ğŸ…°ï¸ğŸ…°ï¸ğŸ†–ğŸ…°ï¸ğŸ’²
sponsoring,s p on s o r i ng,ğŸ’²ğŸ…¿ï¸ğŸ”›ğŸ’²ğŸ…¾ï¸Â®ï¸â„¹ï¸ğŸ†–
sponsoring,s p on s o r i ng,ğŸ’²ğŸ…¿ï¸ğŸ”›ğŸ’²ğŸ…¾ï¸Â®ï¸â„¹ï¸ğŸ†–
baroscoop,b a r o s c o o p,ğŸ…±ï¸ğŸ…°ï¸Â®ï¸ğŸ…¾ï¸ğŸ’²Â©ï¸ğŸ…¾ï¸ğŸ…¾ï¸ğŸ…¿ï¸
bupropion,b up r o p i on,ğŸ…±ï¸ğŸ†™Â®ï¸ğŸ…¾ï¸ğŸ…¿ï¸â„¹ï¸ğŸ”›
capriccio,c a p r i c c i o,Â©ï¸ğŸ…°ï¸ğŸ…¿ï¸Â®ï¸â„¹ï¸Â©ï¸Â©ï¸â„¹ï¸ğŸ…¾ï¸
carpaccio,c a r p a c c i o,Â©ï¸ğŸ…°ï¸Â®ï¸ğŸ…¿ï¸ğŸ…°ï¸Â©ï¸Â©ï¸â„¹ï¸ğŸ…¾ï¸
cocooning,c o c o on i ng,Â©ï¸ğŸ…¾ï¸Â©ï¸ğŸ…¾ï¸ğŸ”›â„¹ï¸ğŸ†–
compendia,c o m p end i a,Â©ï¸ğŸ…¾ï¸â“‚ğŸ…¿ï¸ğŸ”šâ„¹ï¸ğŸ…°ï¸
compromis,c o m p r o m i s,Â©ï¸ğŸ…¾ï¸â“‚ğŸ…¿ï¸Â®ï¸ğŸ…¾ï¸â“‚â„¹ï¸ğŸ’²
cosponsor,c o s p on s o r,Â©ï¸ğŸ…¾ï¸ğŸ’²ğŸ…¿ï¸ğŸ”›ğŸ’²ğŸ…¾ï¸Â®ï¸
crisistop,c r i s i s top,Â©ï¸Â®ï¸â„¹ï¸ğŸ’²â„¹ï¸ğŸ’²ğŸ”
endoscoop,end o s c o o p,ğŸ”šğŸ…¾ï¸ğŸ’²Â©ï¸ğŸ…¾ï¸ğŸ…¾ï¸ğŸ…¿ï¸
macronaam,m a c r on a a m,â“‚ğŸ…°ï¸Â©ï¸Â®ï¸ğŸ”›ğŸ…°ï¸ğŸ…°ï¸â“‚
mangoboom,m a ng o b o o m,â“‚ğŸ…°ï¸ğŸ†–ğŸ…¾ï¸ğŸ…±ï¸ğŸ…¾ï¸ğŸ…¾ï¸â“‚
maracaibo,m a r a c a i b o,â“‚ğŸ…°ï¸Â®ï¸ğŸ…°ï¸Â©ï¸ğŸ…°ï¸â„¹ï¸ğŸ…±ï¸ğŸ…¾ï¸
omringing,o m r i ng i ng,ğŸ…¾ï¸â“‚Â®ï¸â„¹ï¸ğŸ†–â„¹ï¸ğŸ†–
onmisbaar,on m i s b a a r,ğŸ”›â“‚â„¹ï¸ğŸ’²ğŸ…±ï¸ğŸ…°ï¸ğŸ…°ï¸Â®ï¸
onoorbaar,on o o r b a a r,ğŸ”›ğŸ…¾ï¸ğŸ…¾ï¸Â®ï¸ğŸ…±ï¸ğŸ…°ï¸ğŸ…°ï¸Â®ï¸
opendraai,o p end r a a i,ğŸ…¾ï¸ğŸ…¿ï¸ğŸ”šÂ®ï¸ğŸ…°ï¸ğŸ…°ï¸â„¹ï¸
oppassing,o p p a s s i ng,ğŸ…¾ï¸ğŸ…¿ï¸ğŸ…¿ï¸ğŸ…°ï¸ğŸ’²ğŸ’²â„¹ï¸ğŸ†–
oprisping,o p r i s p i ng,ğŸ…¾ï¸ğŸ…¿ï¸Â®ï¸â„¹ï¸ğŸ’²ğŸ…¿ï¸â„¹ï¸ğŸ†–
opsomming,o p s o m m i ng,ğŸ…¾ï¸ğŸ…¿ï¸ğŸ’²ğŸ…¾ï¸â“‚â“‚â„¹ï¸ğŸ†–
opsomming,o p s o m m i ng,ğŸ…¾ï¸ğŸ…¿ï¸ğŸ’²ğŸ…¾ï¸â“‚â“‚â„¹ï¸ğŸ†–
opsporing,o p s p o r i ng,ğŸ…¾ï¸ğŸ…¿ï¸ğŸ’²ğŸ…¿ï¸ğŸ…¾ï¸Â®ï¸â„¹ï¸ğŸ†–
opsporing,o p s p o r i ng,ğŸ…¾ï¸ğŸ…¿ï¸ğŸ’²ğŸ…¿ï¸ğŸ…¾ï¸Â®ï¸â„¹ï¸ğŸ†–
proclisis,p r o cl i s i s,ğŸ…¿ï¸Â®ï¸ğŸ…¾ï¸ğŸ†‘â„¹ï¸ğŸ’²â„¹ï¸ğŸ’²
psoriasis,p s o r i a s i s,ğŸ…¿ï¸ğŸ’²ğŸ…¾ï¸Â®ï¸â„¹ï¸ğŸ…°ï¸ğŸ’²â„¹ï¸ğŸ’²
rommendom,r o m m end o m,Â®ï¸ğŸ…¾ï¸â“‚â“‚ğŸ”šğŸ…¾ï¸â“‚
saramacca,s a r a m a c c a,ğŸ’²ğŸ…°ï¸Â®ï¸ğŸ…°ï¸â“‚ğŸ…°ï¸Â©ï¸Â©ï¸ğŸ…°ï¸
smidsbaas,s m id s b a a s,ğŸ’²â“‚ğŸ†”ğŸ’²ğŸ…±ï¸ğŸ…°ï¸ğŸ…°ï¸ğŸ’²
ambrosia,a m b r o s i a,ğŸ…°ï¸â“‚ğŸ…±ï¸Â®ï¸ğŸ…¾ï¸ğŸ’²â„¹ï¸ğŸ…°ï¸
baarends,b a a r end s,ğŸ…±ï¸ğŸ…°ï¸ğŸ…°ï¸Â®ï¸ğŸ”šğŸ’²
backroom,back r o o m,ğŸ”™Â®ï¸ğŸ…¾ï¸ğŸ…¾ï¸â“‚
barbaars,b a r b a a r s,ğŸ…±ï¸ğŸ…°ï¸Â®ï¸ğŸ…±ï¸ğŸ…°ï¸ğŸ…°ï¸Â®ï¸ğŸ’²
biomassa,b i o m a s s a,ğŸ…±ï¸â„¹ï¸ğŸ…¾ï¸â“‚ğŸ…°ï¸ğŸ’²ğŸ’²ğŸ…°ï¸
bioscoop,b i o s c o o p,ğŸ…±ï¸â„¹ï¸ğŸ…¾ï¸ğŸ’²Â©ï¸ğŸ…¾ï¸ğŸ…¾ï¸ğŸ…¿ï¸
birambis,b i r a m b i s,ğŸ…±ï¸â„¹ï¸Â®ï¸ğŸ…°ï¸â“‚ğŸ…±ï¸â„¹ï¸ğŸ’²
boomaars,b o o m a a r s,ğŸ…±ï¸ğŸ…¾ï¸ğŸ…¾ï¸â“‚ğŸ…°ï¸ğŸ…°ï¸Â®ï¸ğŸ’²
boomboas,b o o m b o a s,ğŸ…±ï¸ğŸ…¾ï¸ğŸ…¾ï¸â“‚ğŸ…±ï¸ğŸ…¾ï¸ğŸ…°ï¸ğŸ’²
borsboom,b o r s b o o m,ğŸ…±ï¸ğŸ…¾ï¸Â®ï¸ğŸ’²ğŸ…±ï¸ğŸ…¾ï¸ğŸ…¾ï¸â“‚
boscross,b o s c r o s s,ğŸ…±ï¸ğŸ…¾ï¸ğŸ’²Â©ï¸Â®ï¸ğŸ…¾ï¸ğŸ’²ğŸ’²
botmassa,b o tm a s s a,ğŸ…±ï¸ğŸ…¾ï¸ï»¿â„¢ï¸ğŸ…°ï¸ğŸ’²ğŸ’²ğŸ…°ï¸
claiming,cl a i m i ng,ğŸ†‘ğŸ…°ï¸â„¹ï¸â“‚â„¹ï¸ğŸ†–
clarissa,cl a r i s s a,ğŸ†‘ğŸ…°ï¸Â®ï¸â„¹ï¸ğŸ’²ğŸ’²ğŸ…°ï¸
classica,cl a s s i c a,ğŸ†‘ğŸ…°ï¸ğŸ’²ğŸ’²â„¹ï¸Â©ï¸ğŸ…°ï¸
classici,cl a s s i c i,ğŸ†‘ğŸ…°ï¸ğŸ’²ğŸ’²â„¹ï¸Â©ï¸â„¹ï¸
clipping,cl i p p i ng,ğŸ†‘â„¹ï¸ğŸ…¿ï¸ğŸ…¿ï¸â„¹ï¸ğŸ†–
coronair,c o r on a i r,Â©ï¸ğŸ…¾ï¸Â®ï¸ğŸ”›ğŸ…°ï¸â„¹ï¸Â®ï¸
corridor,c o r r id o r,Â©ï¸ğŸ…¾ï¸Â®ï¸Â®ï¸ğŸ†”ğŸ…¾ï¸Â®ï¸
crossbar,c r o s s b a r,Â©ï¸Â®ï¸ğŸ…¾ï¸ğŸ’²ğŸ’²ğŸ…±ï¸ğŸ…°ï¸Â®ï¸
crossing,c r o s s i ng,Â©ï¸Â®ï¸ğŸ…¾ï¸ğŸ’²ğŸ’²â„¹ï¸ğŸ†–
macaroni,m a c a r on i,â“‚ğŸ…°ï¸Â©ï¸ğŸ…°ï¸Â®ï¸ğŸ”›â„¹ï¸
momboors,m o m b o o r s,â“‚ğŸ…¾ï¸â“‚ğŸ…±ï¸ğŸ…¾ï¸ğŸ…¾ï¸Â®ï¸ğŸ’²
mormoons,m o r m o on s,â“‚ğŸ…¾ï¸Â®ï¸â“‚ğŸ…¾ï¸ğŸ”›ğŸ’²
morrison,m o r r i s on,â“‚ğŸ…¾ï¸Â®ï¸Â®ï¸â„¹ï¸ğŸ’²ğŸ”›
occasion,o c c a s i on,ğŸ…¾ï¸Â©ï¸Â©ï¸ğŸ…°ï¸ğŸ’²â„¹ï¸ğŸ”›
omarming,o m a r m i ng,ğŸ…¾ï¸â“‚ğŸ…°ï¸Â®ï¸â“‚â„¹ï¸ğŸ†–
omspring,o m s p r i ng,ğŸ…¾ï¸â“‚ğŸ’²ğŸ…¿ï¸Â®ï¸â„¹ï¸ğŸ†–
omspring,o m s p r i ng,ğŸ…¾ï¸â“‚ğŸ’²ğŸ…¿ï¸Â®ï¸â„¹ï¸ğŸ†–
opspring,o p s p r i ng,ğŸ…¾ï¸ğŸ…¿ï¸ğŸ’²ğŸ…¿ï¸Â®ï¸â„¹ï¸ğŸ†–
opspring,o p s p r i ng,ğŸ…¾ï¸ğŸ…¿ï¸ğŸ’²ğŸ…¿ï¸Â®ï¸â„¹ï¸ğŸ†–
osendarp,o s end a r p,ğŸ…¾ï¸ğŸ’²ğŸ”šğŸ…°ï¸Â®ï¸ğŸ…¿ï¸
papendom,p a p end o m,ğŸ…¿ï¸ğŸ…°ï¸ğŸ…¿ï¸ğŸ”šğŸ…¾ï¸â“‚
pingping,p i ng p i ng,ğŸ…¿ï¸â„¹ï¸ğŸ†–ğŸ…¿ï¸â„¹ï¸ğŸ†–
poppinga,p o p p i ng a,ğŸ…¿ï¸ğŸ…¾ï¸ğŸ…¿ï¸ğŸ…¿ï¸â„¹ï¸ğŸ†–ğŸ…°ï¸
ribosoom,r i b o s o o m,Â®ï¸â„¹ï¸ğŸ…±ï¸ğŸ…¾ï¸ğŸ’²ğŸ…¾ï¸ğŸ…¾ï¸â“‚
ricambio,r i c a m b i o,Â®ï¸â„¹ï¸Â©ï¸ğŸ…°ï¸â“‚ğŸ…±ï¸â„¹ï¸ğŸ…¾ï¸
rookbaai,r o ok b a a i,Â®ï¸ğŸ…¾ï¸ğŸ†—ğŸ…±ï¸ğŸ…°ï¸ğŸ…°ï¸â„¹ï¸
rookbaar,r o ok b a a r,Â®ï¸ğŸ…¾ï¸ğŸ†—ğŸ…±ï¸ğŸ…°ï¸ğŸ…°ï¸Â®ï¸
rookstop,r o ok s top,Â®ï¸ğŸ…¾ï¸ğŸ†—ğŸ’²ğŸ”
stopping,s top p i ng,ğŸ’²ğŸ”ğŸ…¿ï¸â„¹ï¸ğŸ†–
aaibaar,a a i b a a r,ğŸ…°ï¸ğŸ…°ï¸â„¹ï¸ğŸ…±ï¸ğŸ…°ï¸ğŸ…°ï¸Â®ï¸
aanging,a a ng i ng,ğŸ…°ï¸ğŸ…°ï¸ğŸ†–â„¹ï¸ğŸ†–
abbassi,ab b a s s i,ğŸ†ğŸ…±ï¸ğŸ…°ï¸ğŸ’²ğŸ’²â„¹ï¸
abbring,ab b r i ng,ğŸ†ğŸ…±ï¸Â®ï¸â„¹ï¸ğŸ†–
accraas,a c c r a a s,ğŸ…°ï¸Â©ï¸Â©ï¸Â®ï¸ğŸ…°ï¸ğŸ…°ï¸ğŸ’²
aipassa,a i p a s s a,ğŸ…°ï¸â„¹ï¸ğŸ…¿ï¸ğŸ…°ï¸ğŸ’²ğŸ’²ğŸ…°ï¸
ammonia,a m m on i a,ğŸ…°ï¸â“‚â“‚ğŸ”›â„¹ï¸ğŸ…°ï¸
angisas,a ng i s a s,ğŸ…°ï¸ğŸ†–â„¹ï¸ğŸ’²ğŸ…°ï¸ğŸ’²
baarsma,b a a r s m a,ğŸ…±ï¸ğŸ…°ï¸ğŸ…°ï¸Â®ï¸ğŸ’²â“‚ğŸ…°ï¸
backing,back i ng,ğŸ”™â„¹ï¸ğŸ†–
backups,back up s,ğŸ”™ğŸ†™ğŸ’²
barbaar,b a r b a a r,ğŸ…±ï¸ğŸ…°ï¸Â®ï¸ğŸ…±ï¸ğŸ…°ï¸ğŸ…°ï¸Â®ï¸
barbara,b a r b a r a,ğŸ…±ï¸ğŸ…°ï¸Â®ï¸ğŸ…±ï¸ğŸ…°ï¸Â®ï¸ğŸ…°ï¸
barroso,b a r r o s o,ğŸ…±ï¸ğŸ…°ï¸Â®ï¸Â®ï¸ğŸ…¾ï¸ğŸ’²ğŸ…¾ï¸
basaria,b a s a r i a,ğŸ…±ï¸ğŸ…°ï¸ğŸ’²ğŸ…°ï¸Â®ï¸â„¹ï¸ğŸ…°ï¸
bendirs,b end i r s,ğŸ…±ï¸ğŸ”šâ„¹ï¸Â®ï¸ğŸ’²
booming,b o o m i ng,ğŸ…±ï¸ğŸ…¾ï¸ğŸ…¾ï¸â“‚â„¹ï¸ğŸ†–
boommos,b o o m m o s,ğŸ…±ï¸ğŸ…¾ï¸ğŸ…¾ï¸â“‚â“‚ğŸ…¾ï¸ğŸ’²
boomsma,b o o m s m a,ğŸ…±ï¸ğŸ…¾ï¸ğŸ…¾ï¸â“‚ğŸ’²â“‚ğŸ…°ï¸
boomtop,b o o m top,ğŸ…±ï¸ğŸ…¾ï¸ğŸ…¾ï¸â“‚ğŸ”
boorsma,b o o r s m a,ğŸ…±ï¸ğŸ…¾ï¸ğŸ…¾ï¸Â®ï¸ğŸ’²â“‚ğŸ…°ï¸
caisson,c a i s s on,Â©ï¸ğŸ…°ï¸â„¹ï¸ğŸ’²ğŸ’²ğŸ”›
camping,c a m p i ng,Â©ï¸ğŸ…°ï¸â“‚ğŸ…¿ï¸â„¹ï¸ğŸ†–
caracas,c a r a c a s,Â©ï¸ğŸ…°ï¸Â®ï¸ğŸ…°ï¸Â©ï¸ğŸ…°ï¸ğŸ’²
carboon,c a r b o on,Â©ï¸ğŸ…°ï¸Â®ï¸ğŸ…±ï¸ğŸ…¾ï¸ğŸ”›
caricom,c a r i c o m,Â©ï¸ğŸ…°ï¸Â®ï¸â„¹ï¸Â©ï¸ğŸ…¾ï¸â“‚
cascara,c a s c a r a,Â©ï¸ğŸ…°ï¸ğŸ’²Â©ï¸ğŸ…°ï¸Â®ï¸ğŸ…°ï¸
casimir,c a s i m i r,Â©ï¸ğŸ…°ï¸ğŸ’²â„¹ï¸â“‚â„¹ï¸Â®ï¸
classic,cl a s s i c,ğŸ†‘ğŸ…°ï¸ğŸ’²ğŸ’²â„¹ï¸Â©ï¸
classis,cl a s s i s,ğŸ†‘ğŸ…°ï¸ğŸ’²ğŸ’²â„¹ï¸ğŸ’²
copinga,c o p i ng a,Â©ï¸ğŸ…¾ï¸ğŸ…¿ï¸â„¹ï¸ğŸ†–ğŸ…°ï¸
corpora,c o r p o r a,Â©ï¸ğŸ…¾ï¸Â®ï¸ğŸ…¿ï¸ğŸ…¾ï¸Â®ï¸ğŸ…°ï¸
corsica,c o r s i c a,Â©ï¸ğŸ…¾ï¸Â®ï¸ğŸ’²â„¹ï¸Â©ï¸ğŸ…°ï¸
idrissi,id r i s s i,ğŸ†”Â®ï¸â„¹ï¸ğŸ’²ğŸ’²â„¹ï¸
idsinga,id s i ng a,ğŸ†”ğŸ’²â„¹ï¸ğŸ†–ğŸ…°ï¸
imminga,i m m i ng a,â„¹ï¸â“‚â“‚â„¹ï¸ğŸ†–ğŸ…°ï¸
isobaar,i s o b a a r,â„¹ï¸ğŸ’²ğŸ…¾ï¸ğŸ…±ï¸ğŸ…°ï¸ğŸ…°ï¸Â®ï¸
marimba,m a r i m b a,â“‚ğŸ…°ï¸Â®ï¸â„¹ï¸â“‚ğŸ…±ï¸ğŸ…°ï¸
maripas,m a r i p a s,â“‚ğŸ…°ï¸Â®ï¸â„¹ï¸ğŸ…¿ï¸ğŸ…°ï¸ğŸ’²
marisca,m a r i s c a,â“‚ğŸ…°ï¸Â®ï¸â„¹ï¸ğŸ’²Â©ï¸ğŸ…°ï¸
marissa,m a r i s s a,â“‚ğŸ…°ï¸Â®ï¸â„¹ï¸ğŸ’²ğŸ’²ğŸ…°ï¸
marmara,m a r m a r a,â“‚ğŸ…°ï¸Â®ï¸â“‚ğŸ…°ï¸Â®ï¸ğŸ…°ï¸
mascara,m a s c a r a,â“‚ğŸ…°ï¸ğŸ’²Â©ï¸ğŸ…°ï¸Â®ï¸ğŸ…°ï¸
massaar,m a s s a a r,â“‚ğŸ…°ï¸ğŸ’²ğŸ’²ğŸ…°ï¸ğŸ…°ï¸Â®ï¸
massimo,m a s s i m o,â“‚ğŸ…°ï¸ğŸ’²ğŸ’²â„¹ï¸â“‚ğŸ…¾ï¸
massing,m a s s i ng,â“‚ğŸ…°ï¸ğŸ’²ğŸ’²â„¹ï¸ğŸ†–
misbaar,m i s b a a r,â“‚â„¹ï¸ğŸ’²ğŸ…±ï¸ğŸ…°ï¸ğŸ…°ï¸Â®ï¸
missing,m i s s i ng,â“‚â„¹ï¸ğŸ’²ğŸ’²â„¹ï¸ğŸ†–
mobbing,m o b b i ng,â“‚ğŸ…¾ï¸ğŸ…±ï¸ğŸ…±ï¸â„¹ï¸ğŸ†–
momboor,m o m b o o r,â“‚ğŸ…¾ï¸â“‚ğŸ…±ï¸ğŸ…¾ï¸ğŸ…¾ï¸Â®ï¸
mommaas,m o m m a a s,â“‚ğŸ…¾ï¸â“‚â“‚ğŸ…°ï¸ğŸ…°ï¸ğŸ’²
mooring,m o o r i ng,â“‚ğŸ…¾ï¸ğŸ…¾ï¸Â®ï¸â„¹ï¸ğŸ†–
mormoon,m o r m o on,â“‚ğŸ…¾ï¸Â®ï¸â“‚ğŸ…¾ï¸ğŸ”›
onrooms,on r o o m s,ğŸ”›Â®ï¸ğŸ…¾ï¸ğŸ…¾ï¸â“‚ğŸ’²
oorbaar,o o r b a a r,ğŸ…¾ï¸ğŸ…¾ï¸Â®ï¸ğŸ…±ï¸ğŸ…°ï¸ğŸ…°ï¸Â®ï¸
oorclip,o o r cl i p,ğŸ…¾ï¸ğŸ…¾ï¸Â®ï¸ğŸ†‘â„¹ï¸ğŸ…¿ï¸
oorprop,o o r p r o p,ğŸ…¾ï¸ğŸ…¾ï¸Â®ï¸ğŸ…¿ï¸Â®ï¸ğŸ…¾ï¸ğŸ…¿ï¸
oorring,o o r r i ng,ğŸ…¾ï¸ğŸ…¾ï¸Â®ï¸Â®ï¸â„¹ï¸ğŸ†–
opspaar,o p s p a a r,ğŸ…¾ï¸ğŸ…¿ï¸ğŸ’²ğŸ…¿ï¸ğŸ…°ï¸ğŸ…°ï¸Â®ï¸
opspoor,o p s p o o r,ğŸ…¾ï¸ğŸ…¿ï¸ğŸ’²ğŸ…¿ï¸ğŸ…¾ï¸ğŸ…¾ï¸Â®ï¸
opspoor,o p s p o o r,ğŸ…¾ï¸ğŸ…¿ï¸ğŸ’²ğŸ…¿ï¸ğŸ…¾ï¸ğŸ…¾ï¸Â®ï¸
paasmis,p a a s m i s,ğŸ…¿ï¸ğŸ…°ï¸ğŸ…°ï¸ğŸ’²â“‚â„¹ï¸ğŸ’²
pangang,p a ng a ng,ğŸ…¿ï¸ğŸ…°ï¸ğŸ†–ğŸ…°ï¸ğŸ†–
parsons,p a r s on s,ğŸ…¿ï¸ğŸ…°ï¸Â®ï¸ğŸ’²ğŸ”›ğŸ’²
passing,p a s s i ng,ğŸ…¿ï¸ğŸ…°ï¸ğŸ’²ğŸ’²â„¹ï¸ğŸ†–
picasso,p i c a s s o,ğŸ…¿ï¸â„¹ï¸Â©ï¸ğŸ…°ï¸ğŸ’²ğŸ’²ğŸ…¾ï¸
pipping,p i p p i ng,ğŸ…¿ï¸â„¹ï¸ğŸ…¿ï¸ğŸ…¿ï¸â„¹ï¸ğŸ†–
pissoir,p i s s o i r,ğŸ…¿ï¸â„¹ï¸ğŸ’²ğŸ’²ğŸ…¾ï¸â„¹ï¸Â®ï¸
popmooi,p o p m o o i,ğŸ…¿ï¸ğŸ…¾ï¸ğŸ…¿ï¸â“‚ğŸ…¾ï¸ğŸ…¾ï¸â„¹ï¸
popping,p o p p i ng,ğŸ…¿ï¸ğŸ…¾ï¸ğŸ…¿ï¸ğŸ…¿ï¸â„¹ï¸ğŸ†–
porring,p o r r i ng,ğŸ…¿ï¸ğŸ…¾ï¸Â®ï¸Â®ï¸â„¹ï¸ğŸ†–
primair,p r i m a i r,ğŸ…¿ï¸Â®ï¸â„¹ï¸â“‚ğŸ…°ï¸â„¹ï¸Â®ï¸
rangoon,r a ng o on,Â®ï¸ğŸ…°ï¸ğŸ†–ğŸ…¾ï¸ğŸ”›
rendang,r end a ng,Â®ï¸ğŸ”šğŸ…°ï¸ğŸ†–
ribbons,r i b b on s,Â®ï¸â„¹ï¸ğŸ…±ï¸ğŸ…±ï¸ğŸ”›ğŸ’²
roaring,r o a r i ng,Â®ï¸ğŸ…¾ï¸ğŸ…°ï¸Â®ï¸â„¹ï¸ğŸ†–
robaais,r o b a a i s,Â®ï¸ğŸ…¾ï¸ğŸ…±ï¸ğŸ…°ï¸ğŸ…°ï¸â„¹ï¸ğŸ’²
romario,r o m a r i o,Â®ï¸ğŸ…¾ï¸â“‚ğŸ…°ï¸Â®ï¸â„¹ï¸ğŸ…¾ï¸
rooiing,r o o i i ng,Â®ï¸ğŸ…¾ï¸ğŸ…¾ï¸â„¹ï¸â„¹ï¸ğŸ†–
rosaria,r o s a r i a,Â®ï¸ğŸ…¾ï¸ğŸ’²ğŸ…°ï¸Â®ï¸â„¹ï¸ğŸ…°ï¸
rosario,r o s a r i o,Â®ï¸ğŸ…¾ï¸ğŸ’²ğŸ…°ï¸Â®ï¸â„¹ï¸ğŸ…¾ï¸
rossing,r o s s i ng,Â®ï¸ğŸ…¾ï¸ğŸ’²ğŸ’²â„¹ï¸ğŸ†–
rossing,r o s s i ng,Â®ï¸ğŸ…¾ï¸ğŸ’²ğŸ’²â„¹ï¸ğŸ†–
samaria,s a m a r i a,ğŸ’²ğŸ…°ï¸â“‚ğŸ…°ï¸Â®ï¸â„¹ï¸ğŸ…°ï¸
sangria,s a ng r i a,ğŸ’²ğŸ…°ï¸ğŸ†–Â®ï¸â„¹ï¸ğŸ…°ï¸
sarcoom,s a r c o o m,ğŸ’²ğŸ…°ï¸Â®ï¸Â©ï¸ğŸ…¾ï¸ğŸ…¾ï¸â“‚
scoring,s c o r i ng,ğŸ’²Â©ï¸ğŸ…¾ï¸Â®ï¸â„¹ï¸ğŸ†–
scoring,s c o r i ng,ğŸ’²Â©ï¸ğŸ…¾ï¸Â®ï¸â„¹ï¸ğŸ†–
siamang,s i a m a ng,ğŸ’²â„¹ï¸ğŸ…°ï¸â“‚ğŸ…°ï¸ğŸ†–
sibbing,s i b b i ng,ğŸ’²â„¹ï¸ğŸ…±ï¸ğŸ…±ï¸â„¹ï¸ğŸ†–
siccama,s i c c a m a,ğŸ’²â„¹ï¸Â©ï¸Â©ï¸ğŸ…°ï¸â“‚ğŸ…°ï¸
simmons,s i m m on s,ğŸ’²â„¹ï¸â“‚â“‚ğŸ”›ğŸ’²
simonis,s i m on i s,ğŸ’²â„¹ï¸â“‚ğŸ”›â„¹ï¸ğŸ’²
simpson,s i m p s on,ğŸ’²â„¹ï¸â“‚ğŸ…¿ï¸ğŸ’²ğŸ”›
sirocco,s i r o c c o,ğŸ’²â„¹ï¸Â®ï¸ğŸ…¾ï¸Â©ï¸Â©ï¸ğŸ…¾ï¸
sissing,s i s s i ng,ğŸ’²â„¹ï¸ğŸ’²ğŸ’²â„¹ï¸ğŸ†–
smoking,s m ok i ng,ğŸ’²â“‚ğŸ†—â„¹ï¸ğŸ†–
sopropo,s o p r o p o,ğŸ’²ğŸ…¾ï¸ğŸ…¿ï¸Â®ï¸ğŸ…¾ï¸ğŸ…¿ï¸ğŸ…¾ï¸
sparing,s p a r i ng,ğŸ’²ğŸ…¿ï¸ğŸ…°ï¸Â®ï¸â„¹ï¸ğŸ†–
sponsor,s p on s o r,ğŸ’²ğŸ…¿ï¸ğŸ”›ğŸ’²ğŸ…¾ï¸Â®ï¸
sponsor,s p on s o r,ğŸ’²ğŸ…¿ï¸ğŸ”›ğŸ’²ğŸ…¾ï¸Â®ï¸
topping,top p i ng,ğŸ”ğŸ…¿ï¸â„¹ï¸ğŸ†–
aaiing,a a i i ng,ğŸ…°ï¸ğŸ…°ï¸â„¹ï¸â„¹ï¸ğŸ†–
abbing,ab b i ng,ğŸ†ğŸ…±ï¸â„¹ï¸ğŸ†–
abscis,ab s c i s,ğŸ†ğŸ’²Â©ï¸â„¹ï¸ğŸ’²
acacia,a c a c i a,ğŸ…°ï¸Â©ï¸ğŸ…°ï¸Â©ï¸â„¹ï¸ğŸ…°ï¸
ambras,a m b r a s,ğŸ…°ï¸â“‚ğŸ…±ï¸Â®ï¸ğŸ…°ï¸ğŸ’²
angora,a ng o r a,ğŸ…°ï¸ğŸ†–ğŸ…¾ï¸Â®ï¸ğŸ…°ï¸
arends,a r end s,ğŸ…°ï¸Â®ï¸ğŸ”šğŸ’²
asmara,a s m a r a,ğŸ…°ï¸ğŸ’²â“‚ğŸ…°ï¸Â®ï¸ğŸ…°ï¸
assisi,a s s i s i,ğŸ…°ï¸ğŸ’²ğŸ’²â„¹ï¸ğŸ’²â„¹ï¸
auping,a up i ng,ğŸ…°ï¸ğŸ†™â„¹ï¸ğŸ†–
backup,back up,ğŸ”™ğŸ†™
bangma,b a ng m a,ğŸ…±ï¸ğŸ…°ï¸ğŸ†–â“‚ğŸ…°ï¸
baobab,b a o b ab,ğŸ…±ï¸ğŸ…°ï¸ğŸ…¾ï¸ğŸ…±ï¸ğŸ†
barend,b a r end,ğŸ…±ï¸ğŸ…°ï¸Â®ï¸ğŸ”š
baring,b a r i ng,ğŸ…±ï¸ğŸ…°ï¸Â®ï¸â„¹ï¸ğŸ†–
baring,b a r i ng,ğŸ…±ï¸ğŸ…°ï¸Â®ï¸â„¹ï¸ğŸ†–
barron,b a r r on,ğŸ…±ï¸ğŸ…°ï¸Â®ï¸Â®ï¸ğŸ”›
bendir,b end i r,ğŸ…±ï¸ğŸ”šâ„¹ï¸Â®ï¸
bimbam,b i m b a m,ğŸ…±ï¸â„¹ï¸â“‚ğŸ…±ï¸ğŸ…°ï¸â“‚
biopic,b i o p i c,ğŸ…±ï¸â„¹ï¸ğŸ…¾ï¸ğŸ…¿ï¸â„¹ï¸Â©ï¸
bisram,b i s r a m,ğŸ…±ï¸â„¹ï¸ğŸ’²Â®ï¸ğŸ…°ï¸â“‚
bitmap,b i tm a p,ğŸ…±ï¸â„¹ï¸ï»¿â„¢ï¸ğŸ…°ï¸ğŸ…¿ï¸
bombam,b o m b a m,ğŸ…±ï¸ğŸ…¾ï¸â“‚ğŸ…±ï¸ğŸ…°ï¸â“‚
bonbon,b on b on,ğŸ…±ï¸ğŸ”›ğŸ…±ï¸ğŸ”›
bonobo,b on o b o,ğŸ…±ï¸ğŸ”›ğŸ…¾ï¸ğŸ…±ï¸ğŸ…¾ï¸
bonsai,b on s a i,ğŸ…±ï¸ğŸ”›ğŸ’²ğŸ…°ï¸â„¹ï¸
booras,b o o r a s,ğŸ…±ï¸ğŸ…¾ï¸ğŸ…¾ï¸Â®ï¸ğŸ…°ï¸ğŸ’²
boring,b o r i ng,ğŸ…±ï¸ğŸ…¾ï¸Â®ï¸â„¹ï¸ğŸ†–
bospop,b o s p o p,ğŸ…±ï¸ğŸ…¾ï¸ğŸ’²ğŸ…¿ï¸ğŸ…¾ï¸ğŸ…¿ï¸
braams,b r a a m s,ğŸ…±ï¸Â®ï¸ğŸ…°ï¸ğŸ…°ï¸â“‚ğŸ’²
brabos,b r ab o s,ğŸ…±ï¸Â®ï¸ğŸ†ğŸ…¾ï¸ğŸ’²
bramra,b r a m r a,ğŸ…±ï¸Â®ï¸ğŸ…°ï¸â“‚Â®ï¸ğŸ…°ï¸
brasas,b r a s a s,ğŸ…±ï¸Â®ï¸ğŸ…°ï¸ğŸ’²ğŸ…°ï¸ğŸ’²
brenda,b r end a,ğŸ…±ï¸Â®ï¸ğŸ”šğŸ…°ï¸
brioni,b r i on i,ğŸ…±ï¸Â®ï¸â„¹ï¸ğŸ”›â„¹ï¸
brooks,b r o ok s,ğŸ…±ï¸Â®ï¸ğŸ…¾ï¸ğŸ†—ğŸ’²
cabrio,c ab r i o,Â©ï¸ğŸ†Â®ï¸â„¹ï¸ğŸ…¾ï¸
camara,c a m a r a,Â©ï¸ğŸ…°ï¸â“‚ğŸ…°ï¸Â®ï¸ğŸ…°ï¸
cambio,c a m b i o,Â©ï¸ğŸ…°ï¸â“‚ğŸ…±ï¸â„¹ï¸ğŸ…¾ï¸
camion,c a m i on,Â©ï¸ğŸ…°ï¸â“‚â„¹ï¸ğŸ”›
cappon,c a p p on,Â©ï¸ğŸ…°ï¸ğŸ…¿ï¸ğŸ…¿ï¸ğŸ”›
carbid,c a r b id,Â©ï¸ğŸ…°ï¸Â®ï¸ğŸ…±ï¸ğŸ†”
carbon,c a r b on,Â©ï¸ğŸ…°ï¸Â®ï¸ğŸ…±ï¸ğŸ”›
caspar,c a s p a r,Â©ï¸ğŸ…°ï¸ğŸ’²ğŸ…¿ï¸ğŸ…°ï¸Â®ï¸
cassis,c a s s i s,Â©ï¸ğŸ…°ï¸ğŸ’²ğŸ’²â„¹ï¸ğŸ’²
claris,cl a r i s,ğŸ†‘ğŸ…°ï¸Â®ï¸â„¹ï¸ğŸ’²
cloaca,cl o a c a,ğŸ†‘ğŸ…¾ï¸ğŸ…°ï¸Â©ï¸ğŸ…°ï¸
cocoon,c o c o on,Â©ï¸ğŸ…¾ï¸Â©ï¸ğŸ…¾ï¸ğŸ”›
coming,c o m i ng,Â©ï¸ğŸ…¾ï¸â“‚â„¹ï¸ğŸ†–
common,c o m m on,Â©ï¸ğŸ…¾ï¸â“‚â“‚ğŸ”›
compas,c o m p a s,Â©ï¸ğŸ…¾ï¸â“‚ğŸ…¿ï¸ğŸ…°ï¸ğŸ’²
corona,c o r on a,Â©ï¸ğŸ…¾ï¸Â®ï¸ğŸ”›ğŸ…°ï¸
coupon,c o up on,Â©ï¸ğŸ…¾ï¸ğŸ†™ğŸ”›
crisis,c r i s i s,Â©ï¸Â®ï¸â„¹ï¸ğŸ’²â„¹ï¸ğŸ’²
cupido,c up id o,Â©ï¸ğŸ†™ğŸ†”ğŸ…¾ï¸
cupido,c up id o,Â©ï¸ğŸ†™ğŸ†”ğŸ…¾ï¸
idioom,id i o o m,ğŸ†”â„¹ï¸ğŸ…¾ï¸ğŸ…¾ï¸â“‚
idriss,id r i s s,ğŸ†”Â®ï¸â„¹ï¸ğŸ’²ğŸ’²
imming,i m m i ng,â„¹ï¸â“‚â“‚â„¹ï¸ğŸ†–
ingang,i ng a ng,â„¹ï¸ğŸ†–ğŸ…°ï¸ğŸ†–
ingang,i ng a ng,â„¹ï¸ğŸ†–ğŸ…°ï¸ğŸ†–
inging,i ng i ng,â„¹ï¸ğŸ†–â„¹ï¸ğŸ†–
ingmar,i ng m a r,â„¹ï¸ğŸ†–â“‚ğŸ…°ï¸Â®ï¸
ingooi,i ng o o i,â„¹ï¸ğŸ†–ğŸ…¾ï¸ğŸ…¾ï¸â„¹ï¸
ingrid,i ng r id,â„¹ï¸ğŸ†–Â®ï¸ğŸ†”
mammon,m a m m on,â“‚ğŸ…°ï¸â“‚â“‚ğŸ”›
marcia,m a r c i a,â“‚ğŸ…°ï¸Â®ï¸Â©ï¸â„¹ï¸ğŸ…°ï¸
marcos,m a r c o s,â“‚ğŸ…°ï¸Â®ï¸Â©ï¸ğŸ…¾ï¸ğŸ’²
mariam,m a r i a m,â“‚ğŸ…°ï¸Â®ï¸â„¹ï¸ğŸ…°ï¸â“‚
marica,m a r i c a,â“‚ğŸ…°ï¸Â®ï¸â„¹ï¸Â©ï¸ğŸ…°ï¸
maring,m a r i ng,â“‚ğŸ…°ï¸Â®ï¸â„¹ï¸ğŸ†–
marion,m a r i on,â“‚ğŸ…°ï¸Â®ï¸â„¹ï¸ğŸ”›
marisa,m a r i s a,â“‚ğŸ…°ï¸Â®ï¸â„¹ï¸ğŸ’²ğŸ…°ï¸
marron,m a r r on,â“‚ğŸ…°ï¸Â®ï¸Â®ï¸ğŸ”›
massar,m a s s a r,â“‚ğŸ…°ï¸ğŸ’²ğŸ’²ğŸ…°ï¸Â®ï¸
masson,m a s s on,â“‚ğŸ…°ï¸ğŸ’²ğŸ’²ğŸ”›
massop,m a s s o p,â“‚ğŸ…°ï¸ğŸ’²ğŸ’²ğŸ…¾ï¸ğŸ…¿ï¸
miasma,m i a s m a,â“‚â„¹ï¸ğŸ…°ï¸ğŸ’²â“‚ğŸ…°ï¸
micron,m i c r on,â“‚â„¹ï¸Â©ï¸Â®ï¸ğŸ”›
mimici,m i m i c i,â“‚â„¹ï¸â“‚â„¹ï¸Â©ï¸â„¹ï¸
mimosa,m i m o s a,â“‚â„¹ï¸â“‚ğŸ…¾ï¸ğŸ’²ğŸ…°ï¸
miriam,m i r i a m,â“‚â„¹ï¸Â®ï¸â„¹ï¸ğŸ…°ï¸â“‚
mobron,m o b r on,â“‚ğŸ…¾ï¸ğŸ…±ï¸Â®ï¸ğŸ”›
moison,m o i s on,â“‚ğŸ…¾ï¸â„¹ï¸ğŸ’²ğŸ”›
monaco,m on a c o,â“‚ğŸ”›ğŸ…°ï¸Â©ï¸ğŸ…¾ï¸
monica,m on i c a,â“‚ğŸ”›â„¹ï¸Â©ï¸ğŸ…°ï¸
monsma,m on s m a,â“‚ğŸ”›ğŸ’²â“‚ğŸ…°ï¸
moroni,m o r on i,â“‚ğŸ…¾ï¸Â®ï¸ğŸ”›â„¹ï¸
morris,m o r r i s,â“‚ğŸ…¾ï¸Â®ï¸Â®ï¸â„¹ï¸ğŸ’²
obispo,o b i s p o,ğŸ…¾ï¸ğŸ…±ï¸â„¹ï¸ğŸ’²ğŸ…¿ï¸ğŸ…¾ï¸
ombras,o m b r a s,ğŸ…¾ï¸â“‚ğŸ…±ï¸Â®ï¸ğŸ…°ï¸ğŸ’²
omring,o m r i ng,ğŸ…¾ï¸â“‚Â®ï¸â„¹ï¸ğŸ†–
omring,o m r i ng,ğŸ…¾ï¸â“‚Â®ï¸â„¹ï¸ğŸ†–
omspon,o m s p on,ğŸ…¾ï¸â“‚ğŸ’²ğŸ…¿ï¸ğŸ”›
onpaar,on p a a r,ğŸ”›ğŸ…¿ï¸ğŸ…°ï¸ğŸ…°ï¸Â®ï¸
ooibos,o o i b o s,ğŸ…¾ï¸ğŸ…¾ï¸â„¹ï¸ğŸ…±ï¸ğŸ…¾ï¸ğŸ’²
opbaar,o p b a a r,ğŸ…¾ï¸ğŸ…¿ï¸ğŸ…±ï¸ğŸ…°ï¸ğŸ…°ï¸Â®ï¸
opboks,o p b ok s,ğŸ…¾ï¸ğŸ…¿ï¸ğŸ…±ï¸ğŸ†—ğŸ’²
opmars,o p m a r s,ğŸ…¾ï¸ğŸ…¿ï¸â“‚ğŸ…°ï¸Â®ï¸ğŸ’²
oppomp,o p p o m p,ğŸ…¾ï¸ğŸ…¿ï¸ğŸ…¿ï¸ğŸ…¾ï¸â“‚ğŸ…¿ï¸
opprop,o p p r o p,ğŸ…¾ï¸ğŸ…¿ï¸ğŸ…¿ï¸Â®ï¸ğŸ…¾ï¸ğŸ…¿ï¸
opraap,o p r a a p,ğŸ…¾ï¸ğŸ…¿ï¸Â®ï¸ğŸ…°ï¸ğŸ…°ï¸ğŸ…¿ï¸
oprook,o p r o ok,ğŸ…¾ï¸ğŸ…¿ï¸Â®ï¸ğŸ…¾ï¸ğŸ†—
opstop,o p s top,ğŸ…¾ï¸ğŸ…¿ï¸ğŸ’²ğŸ”
opstop,o p s top,ğŸ…¾ï¸ğŸ…¿ï¸ğŸ’²ğŸ”
orbons,o r b on s,ğŸ…¾ï¸Â®ï¸ğŸ…±ï¸ğŸ”›ğŸ’²
oribis,o r i b i s,ğŸ…¾ï¸Â®ï¸â„¹ï¸ğŸ…±ï¸â„¹ï¸ğŸ’²
osinga,o s i ng a,ğŸ…¾ï¸ğŸ’²â„¹ï¸ğŸ†–ğŸ…°ï¸
osiris,o s i r i s,ğŸ…¾ï¸ğŸ’²â„¹ï¸Â®ï¸â„¹ï¸ğŸ’²
paasos,p a a sos,ğŸ…¿ï¸ğŸ…°ï¸ğŸ…°ï¸ğŸ†˜
pangis,p a ng i s,ğŸ…¿ï¸ğŸ…°ï¸ğŸ†–â„¹ï¸ğŸ’²
paping,p a p i ng,ğŸ…¿ï¸ğŸ…°ï¸ğŸ…¿ï¸â„¹ï¸ğŸ†–
paring,p a r i ng,ğŸ…¿ï¸ğŸ…°ï¸Â®ï¸â„¹ï¸ğŸ†–
paring,p a r i ng,ğŸ…¿ï¸ğŸ…°ï¸Â®ï¸â„¹ï¸ğŸ†–
passim,p a s s i m,ğŸ…¿ï¸ğŸ…°ï¸ğŸ’²ğŸ’²â„¹ï¸â“‚
passon,p a s s on,ğŸ…¿ï¸ğŸ…°ï¸ğŸ’²ğŸ’²ğŸ”›
pingos,p i ng o s,ğŸ…¿ï¸â„¹ï¸ğŸ†–ğŸ…¾ï¸ğŸ’²
pirson,p i r s on,ğŸ…¿ï¸â„¹ï¸Â®ï¸ğŸ’²ğŸ”›
pisang,p i s a ng,ğŸ…¿ï¸â„¹ï¸ğŸ’²ğŸ…°ï¸ğŸ†–
pompon,p o m p on,ğŸ…¿ï¸ğŸ…¾ï¸â“‚ğŸ…¿ï¸ğŸ”›
postma,p o s tm a,ğŸ…¿ï¸ğŸ…¾ï¸ğŸ’²ï»¿â„¢ï¸ğŸ…°ï¸
priori,p r i o r i,ğŸ…¿ï¸Â®ï¸â„¹ï¸ğŸ…¾ï¸Â®ï¸â„¹ï¸
prisma,p r i s m a,ğŸ…¿ï¸Â®ï¸â„¹ï¸ğŸ’²â“‚ğŸ…°ï¸
propos,p r o p o s,ğŸ…¿ï¸Â®ï¸ğŸ…¾ï¸ğŸ…¿ï¸ğŸ…¾ï¸ğŸ’²
raangs,r a a ng s,Â®ï¸ğŸ…°ï¸ğŸ…°ï¸ğŸ†–ğŸ’²
raming,r a m i ng,Â®ï¸ğŸ…°ï¸â“‚â„¹ï¸ğŸ†–
raming,r a m i ng,Â®ï¸ğŸ…°ï¸â“‚â„¹ï¸ğŸ†–
ramiro,r a m i r o,Â®ï¸ğŸ…°ï¸â“‚â„¹ï¸Â®ï¸ğŸ…¾ï¸
ramona,r a m on a,Â®ï¸ğŸ…°ï¸â“‚ğŸ”›ğŸ…°ï¸
rampok,r a m p ok,Â®ï¸ğŸ…°ï¸â“‚ğŸ…¿ï¸ğŸ†—
rasing,r a s i ng,Â®ï¸ğŸ…°ï¸ğŸ’²â„¹ï¸ğŸ†–
ribbon,r i b b on,Â®ï¸â„¹ï¸ğŸ…±ï¸ğŸ…±ï¸ğŸ”›
rimram,r i m r a m,Â®ï¸â„¹ï¸â“‚Â®ï¸ğŸ…°ï¸â“‚
ringma,r i ng m a,Â®ï¸â„¹ï¸ğŸ†–â“‚ğŸ…°ï¸
risico,r i s i c o,Â®ï¸â„¹ï¸ğŸ’²â„¹ï¸Â©ï¸ğŸ…¾ï¸
rococo,r o c o c o,Â®ï¸ğŸ…¾ï¸Â©ï¸ğŸ…¾ï¸Â©ï¸ğŸ…¾ï¸
roosma,r o o s m a,Â®ï¸ğŸ…¾ï¸ğŸ…¾ï¸ğŸ’²â“‚ğŸ…°ï¸
rosing,r o s i ng,Â®ï¸ğŸ…¾ï¸ğŸ’²â„¹ï¸ğŸ†–
samaar,s a m a a r,ğŸ’²ğŸ…°ï¸â“‚ğŸ…°ï¸ğŸ…°ï¸Â®ï¸
samara,s a m a r a,ğŸ’²ğŸ…°ï¸â“‚ğŸ…°ï¸Â®ï¸ğŸ…°ï¸
samira,s a m i r a,ğŸ’²ğŸ…°ï¸â“‚â„¹ï¸Â®ï¸ğŸ…°ï¸
samsam,s a m s a m,ğŸ’²ğŸ…°ï¸â“‚ğŸ’²ğŸ…°ï¸â“‚
samsam,s a m s a m,ğŸ’²ğŸ…°ï¸â“‚ğŸ’²ğŸ…°ï¸â“‚
samsom,s a m s o m,ğŸ’²ğŸ…°ï¸â“‚ğŸ’²ğŸ…¾ï¸â“‚
samson,s a m s on,ğŸ’²ğŸ…°ï¸â“‚ğŸ’²ğŸ”›
scampi,s c a m p i,ğŸ’²Â©ï¸ğŸ…°ï¸â“‚ğŸ…¿ï¸â„¹ï¸
scipio,s c i p i o,ğŸ’²Â©ï¸â„¹ï¸ğŸ…¿ï¸â„¹ï¸ğŸ…¾ï¸
scraps,s c r a p s,ğŸ’²Â©ï¸Â®ï¸ğŸ…°ï¸ğŸ…¿ï¸ğŸ’²
scriba,s c r i b a,ğŸ’²Â©ï¸Â®ï¸â„¹ï¸ğŸ…±ï¸ğŸ…°ï¸
simona,s i m on a,ğŸ’²â„¹ï¸â“‚ğŸ”›ğŸ…°ï¸
simson,s i m s on,ğŸ’²â„¹ï¸â“‚ğŸ’²ğŸ”›
sipsma,s i p s m a,ğŸ’²â„¹ï¸ğŸ…¿ï¸ğŸ’²â“‚ğŸ…°ï¸
siroop,s i r o o p,ğŸ’²â„¹ï¸Â®ï¸ğŸ…¾ï¸ğŸ…¾ï¸ğŸ…¿ï¸
soenda,s o end a,ğŸ’²ğŸ…¾ï¸ğŸ”šğŸ…°ï¸
sonoor,s on o o r,ğŸ’²ğŸ”›ğŸ…¾ï¸ğŸ…¾ï¸Â®ï¸
sonsma,s on s m a,ğŸ’²ğŸ”›ğŸ’²â“‚ğŸ…°ï¸
spanga,s p a ng a,ğŸ’²ğŸ…¿ï¸ğŸ…°ï¸ğŸ†–ğŸ…°ï¸
sprang,s p r a ng,ğŸ’²ğŸ…¿ï¸Â®ï¸ğŸ…°ï¸ğŸ†–
spring,s p r i ng,ğŸ’²ğŸ…¿ï¸Â®ï¸â„¹ï¸ğŸ†–
spring,s p r i ng,ğŸ’²ğŸ…¿ï¸Â®ï¸â„¹ï¸ğŸ†–
spring,s p r i ng,ğŸ’²ğŸ…¿ï¸Â®ï¸â„¹ï¸ğŸ†–
topaas,top a a s,ğŸ”ğŸ…°ï¸ğŸ…°ï¸ğŸ’²
aaron,a a r on,ğŸ…°ï¸ğŸ…°ï¸Â®ï¸ğŸ”›
abaci,ab a c i,ğŸ†ğŸ…°ï¸Â©ï¸â„¹ï¸
abbas,ab b a s,ğŸ†ğŸ…±ï¸ğŸ…°ï¸ğŸ’²
abida,ab id a,ğŸ†ğŸ†”ğŸ…°ï¸
abram,ab r a m,ğŸ†Â®ï¸ğŸ…°ï¸â“‚
accra,a c c r a,ğŸ…°ï¸Â©ï¸Â©ï¸Â®ï¸ğŸ…°ï¸
airco,a i r c o,ğŸ…°ï¸â„¹ï¸Â®ï¸Â©ï¸ğŸ…¾ï¸
amara,a m a r a,ğŸ…°ï¸â“‚ğŸ…°ï¸Â®ï¸ğŸ…°ï¸
ambon,a m b on,ğŸ…°ï¸â“‚ğŸ…±ï¸ğŸ”›
amira,a m i r a,ğŸ…°ï¸â“‚â„¹ï¸Â®ï¸ğŸ…°ï¸
amiri,a m i r i,ğŸ…°ï¸â“‚â„¹ï¸Â®ï¸â„¹ï¸
ammar,a m m a r,ğŸ…°ï¸â“‚â“‚ğŸ…°ï¸Â®ï¸
amsoi,a m s o i,ğŸ…°ï¸â“‚ğŸ’²ğŸ…¾ï¸â„¹ï¸
apion,a p i on,ğŸ…°ï¸ğŸ…¿ï¸â„¹ï¸ğŸ”›
apsis,a p s i s,ğŸ…°ï¸ğŸ…¿ï¸ğŸ’²â„¹ï¸ğŸ’²
arbib,a r b i b,ğŸ…°ï¸Â®ï¸ğŸ…±ï¸â„¹ï¸ğŸ…±ï¸
arend,a r end,ğŸ…°ï¸Â®ï¸ğŸ”š
arend,a r end,ğŸ…°ï¸Â®ï¸ğŸ”š
arion,a r i on,ğŸ…°ï¸Â®ï¸â„¹ï¸ğŸ”›
aroma,a r o m a,ğŸ…°ï¸Â®ï¸ğŸ…¾ï¸â“‚ğŸ…°ï¸
aroom,a r o o m,ğŸ…°ï¸Â®ï¸ğŸ…¾ï¸ğŸ…¾ï¸â“‚
arron,a r r on,ğŸ…°ï¸Â®ï¸Â®ï¸ğŸ”›
ascii,a s c i i,ğŸ…°ï¸ğŸ’²Â©ï¸â„¹ï¸â„¹ï¸
aspic,a s p i c,ğŸ…°ï¸ğŸ’²ğŸ…¿ï¸â„¹ï¸Â©ï¸
assia,a s s i a,ğŸ…°ï¸ğŸ’²ğŸ’²â„¹ï¸ğŸ…°ï¸
astma,a s tm a,ğŸ…°ï¸ğŸ’²ï»¿â„¢ï¸ğŸ…°ï¸
baars,b a a r s,ğŸ…±ï¸ğŸ…°ï¸ğŸ…°ï¸Â®ï¸ğŸ’²
babok,b ab ok,ğŸ…±ï¸ğŸ†ğŸ†—
bacon,b a c on,ğŸ…±ï¸ğŸ…°ï¸Â©ï¸ğŸ”›
bamba,b a m b a,ğŸ…±ï¸ğŸ…°ï¸â“‚ğŸ…±ï¸ğŸ…°ï¸
bamis,b a m i s,ğŸ…±ï¸ğŸ…°ï¸â“‚â„¹ï¸ğŸ’²
banga,b a ng a,ğŸ…±ï¸ğŸ…°ï¸ğŸ†–ğŸ…°ï¸
baris,b a r i s,ğŸ…±ï¸ğŸ…°ï¸Â®ï¸â„¹ï¸ğŸ’²
barok,b a r ok,ğŸ…±ï¸ğŸ…°ï¸Â®ï¸ğŸ†—
barok,b a r ok,ğŸ…±ï¸ğŸ…°ï¸Â®ï¸ğŸ†—
baron,b a r on,ğŸ…±ï¸ğŸ…°ï¸Â®ï¸ğŸ”›
basic,b a s i c,ğŸ…±ï¸ğŸ…°ï¸ğŸ’²â„¹ï¸Â©ï¸
basic,b a s i c,ğŸ…±ï¸ğŸ…°ï¸ğŸ’²â„¹ï¸Â©ï¸
basis,b a s i s,ğŸ…±ï¸ğŸ…°ï¸ğŸ’²â„¹ï¸ğŸ’²
bassa,b a s s a,ğŸ…±ï¸ğŸ…°ï¸ğŸ’²ğŸ’²ğŸ…°ï¸
basso,b a s s o,ğŸ…±ï¸ğŸ…°ï¸ğŸ’²ğŸ’²ğŸ…¾ï¸
benda,b end a,ğŸ…±ï¸ğŸ”šğŸ…°ï¸
bidon,b id on,ğŸ…±ï¸ğŸ†”ğŸ”›
bimas,b i m a s,ğŸ…±ï¸â„¹ï¸â“‚ğŸ…°ï¸ğŸ’²
bingo,b i ng o,ğŸ…±ï¸â„¹ï¸ğŸ†–ğŸ…¾ï¸
birma,b i r m a,ğŸ…±ï¸â„¹ï¸Â®ï¸â“‚ğŸ…°ï¸
bisam,b i s a m,ğŸ…±ï¸â„¹ï¸ğŸ’²ğŸ…°ï¸â“‚
bobbi,b o b b i,ğŸ…±ï¸ğŸ…¾ï¸ğŸ…±ï¸ğŸ…±ï¸â„¹ï¸
bokma,b ok m a,ğŸ…±ï¸ğŸ†—â“‚ğŸ…°ï¸
bomas,b o m a s,ğŸ…±ï¸ğŸ…¾ï¸â“‚ğŸ…°ï¸ğŸ’²
bomma,b o m m a,ğŸ…±ï¸ğŸ…¾ï¸â“‚â“‚ğŸ…°ï¸
bompa,b o m p a,ğŸ…±ï¸ğŸ…¾ï¸â“‚ğŸ…¿ï¸ğŸ…°ï¸
booms,b o o m s,ğŸ…±ï¸ğŸ…¾ï¸ğŸ…¾ï¸â“‚ğŸ’²
boons,b o on s,ğŸ…±ï¸ğŸ…¾ï¸ğŸ”›ğŸ’²
boris,b o r i s,ğŸ…±ï¸ğŸ…¾ï¸Â®ï¸â„¹ï¸ğŸ’²
borra,b o r r a,ğŸ…±ï¸ğŸ…¾ï¸Â®ï¸Â®ï¸ğŸ…°ï¸
bosma,b o s m a,ğŸ…±ï¸ğŸ…¾ï¸ğŸ’²â“‚ğŸ…°ï¸
boson,b o s on,ğŸ…±ï¸ğŸ…¾ï¸ğŸ’²ğŸ”›
botma,b o tm a,ğŸ…±ï¸ğŸ…¾ï¸ï»¿â„¢ï¸ğŸ…°ï¸
braai,b r a a i,ğŸ…±ï¸Â®ï¸ğŸ…°ï¸ğŸ…°ï¸â„¹ï¸
braam,b r a a m,ğŸ…±ï¸Â®ï¸ğŸ…°ï¸ğŸ…°ï¸â“‚
braam,b r a a m,ğŸ…±ï¸Â®ï¸ğŸ…°ï¸ğŸ…°ï¸â“‚
braas,b r a a s,ğŸ…±ï¸Â®ï¸ğŸ…°ï¸ğŸ…°ï¸ğŸ’²
brabo,b r ab o,ğŸ…±ï¸Â®ï¸ğŸ†ğŸ…¾ï¸
brama,b r a m a,ğŸ…±ï¸Â®ï¸ğŸ…°ï¸â“‚ğŸ…°ï¸
brams,b r a m s,ğŸ…±ï¸Â®ï¸ğŸ…°ï¸â“‚ğŸ’²
broks,b r ok s,ğŸ…±ï¸Â®ï¸ğŸ†—ğŸ’²
brons,b r on s,ğŸ…±ï¸Â®ï¸ğŸ”›ğŸ’²
broom,b r o o m,ğŸ…±ï¸Â®ï¸ğŸ…¾ï¸ğŸ…¾ï¸â“‚
broos,b r o o s,ğŸ…±ï¸Â®ï¸ğŸ…¾ï¸ğŸ…¾ï¸ğŸ’²
broos,b r o o s,ğŸ…±ï¸Â®ï¸ğŸ…¾ï¸ğŸ…¾ï¸ğŸ’²
cabri,c ab r i,Â©ï¸ğŸ†Â®ï¸â„¹ï¸
cacao,c a c a o,Â©ï¸ğŸ…°ï¸Â©ï¸ğŸ…°ï¸ğŸ…¾ï¸
campo,c a m p o,Â©ï¸ğŸ…°ï¸â“‚ğŸ…¿ï¸ğŸ…¾ï¸
caris,c a r i s,Â©ï¸ğŸ…°ï¸Â®ï¸â„¹ï¸ğŸ’²
caron,c a r on,Â©ï¸ğŸ…°ï¸Â®ï¸ğŸ”›
casco,c a s c o,Â©ï¸ğŸ…°ï¸ğŸ’²Â©ï¸ğŸ…¾ï¸
casio,c a s i o,Â©ï¸ğŸ…°ï¸ğŸ’²â„¹ï¸ğŸ…¾ï¸
circa,c i r c a,Â©ï¸â„¹ï¸Â®ï¸Â©ï¸ğŸ…°ï¸
cirri,c i r r i,Â©ï¸â„¹ï¸Â®ï¸Â®ï¸â„¹ï¸
cisco,c i s c o,Â©ï¸â„¹ï¸ğŸ’²Â©ï¸ğŸ…¾ï¸
claas,cl a a s,ğŸ†‘ğŸ…°ï¸ğŸ…°ï¸ğŸ’²
claim,cl a i m,ğŸ†‘ğŸ…°ï¸â„¹ï¸â“‚
claim,cl a i m,ğŸ†‘ğŸ…°ï¸â„¹ï¸â“‚
clair,cl a i r,ğŸ†‘ğŸ…°ï¸â„¹ï¸Â®ï¸
clara,cl a r a,ğŸ†‘ğŸ…°ï¸Â®ï¸ğŸ…°ï¸
class,cl a s s,ğŸ†‘ğŸ…°ï¸ğŸ’²ğŸ’²
cobra,c o b r a,Â©ï¸ğŸ…¾ï¸ğŸ…±ï¸Â®ï¸ğŸ…°ï¸
cocci,c o c c i,Â©ï¸ğŸ…¾ï¸Â©ï¸Â©ï¸â„¹ï¸
cocon,c o c on,Â©ï¸ğŸ…¾ï¸Â©ï¸ğŸ”›
combi,c o m b i,Â©ï¸ğŸ…¾ï¸â“‚ğŸ…±ï¸â„¹ï¸
combo,c o m b o,Â©ï¸ğŸ…¾ï¸â“‚ğŸ…±ï¸ğŸ…¾ï¸
conor,c on o r,Â©ï¸ğŸ”›ğŸ…¾ï¸Â®ï¸
coops,c o o p s,Â©ï¸ğŸ…¾ï¸ğŸ…¾ï¸ğŸ…¿ï¸ğŸ’²
corba,c o r b a,Â©ï¸ğŸ…¾ï¸Â®ï¸ğŸ…±ï¸ğŸ…°ï¸
corps,c o r p s,Â©ï¸ğŸ…¾ï¸Â®ï¸ğŸ…¿ï¸ğŸ’²
corsa,c o r s a,Â©ï¸ğŸ…¾ï¸Â®ï¸ğŸ’²ğŸ…°ï¸
corso,c o r s o,Â©ï¸ğŸ…¾ï¸Â®ï¸ğŸ’²ğŸ…¾ï¸
cosmo,c o s m o,Â©ï¸ğŸ…¾ï¸ğŸ’²â“‚ğŸ…¾ï¸
cpion,c p i on,Â©ï¸ğŸ…¿ï¸â„¹ï¸ğŸ”›
crama,c r a m a,Â©ï¸Â®ï¸ğŸ…°ï¸â“‚ğŸ…°ï¸
croon,c r o on,Â©ï¸Â®ï¸ğŸ…¾ï¸ğŸ”›
cross,c r o s s,Â©ï¸Â®ï¸ğŸ…¾ï¸ğŸ’²ğŸ’²
frees,free s,ğŸ†“ğŸ’²
frees,free s,ğŸ†“ğŸ’²
icing,i c i ng,â„¹ï¸Â©ï¸â„¹ï¸ğŸ†–
icoon,i c o on,â„¹ï¸Â©ï¸ğŸ…¾ï¸ğŸ”›
iding,id i ng,ğŸ†”â„¹ï¸ğŸ†–
idris,id r i s,ğŸ†”Â®ï¸â„¹ï¸ğŸ’²
ippon,i p p on,â„¹ï¸ğŸ…¿ï¸ğŸ…¿ï¸ğŸ”›
isaac,i s a a c,â„¹ï¸ğŸ’²ğŸ…°ï¸ğŸ…°ï¸Â©ï¸
issam,i s s a m,â„¹ï¸ğŸ’²ğŸ’²ğŸ…°ï¸â“‚
maass,m a a s s,â“‚ğŸ…°ï¸ğŸ…°ï¸ğŸ’²ğŸ’²
macro,m a c r o,â“‚ğŸ…°ï¸Â©ï¸Â®ï¸ğŸ…¾ï¸
mamba,m a m b a,â“‚ğŸ…°ï¸â“‚ğŸ…±ï¸ğŸ…°ï¸
mamma,m a m m a,â“‚ğŸ…°ï¸â“‚â“‚ğŸ…°ï¸
manga,m a ng a,â“‚ğŸ…°ï¸ğŸ†–ğŸ…°ï¸
mango,m a ng o,â“‚ğŸ…°ï¸ğŸ†–ğŸ…¾ï¸
maori,m a o r i,â“‚ğŸ…°ï¸ğŸ…¾ï¸Â®ï¸â„¹ï¸
marco,m a r c o,â“‚ğŸ…°ï¸Â®ï¸Â©ï¸ğŸ…¾ï¸
marcs,m a r c s,â“‚ğŸ…°ï¸Â®ï¸Â©ï¸ğŸ’²
maria,m a r i a,â“‚ğŸ…°ï¸Â®ï¸â„¹ï¸ğŸ…°ï¸
mario,m a r i o,â“‚ğŸ…°ï¸Â®ï¸â„¹ï¸ğŸ…¾ï¸
maris,m a r i s,â“‚ğŸ…°ï¸Â®ï¸â„¹ï¸ğŸ’²
maron,m a r on,â“‚ğŸ…°ï¸Â®ï¸ğŸ”›
marra,m a r r a,â“‚ğŸ…°ï¸Â®ï¸Â®ï¸ğŸ…°ï¸
mason,m a s on,â“‚ğŸ…°ï¸ğŸ’²ğŸ”›
massa,m a s s a,â“‚ğŸ…°ï¸ğŸ’²ğŸ’²ğŸ…°ï¸
micro,m i c r o,â“‚â„¹ï¸Â©ï¸Â®ï¸ğŸ…¾ï¸
midas,m id a s,â“‚ğŸ†”ğŸ…°ï¸ğŸ’²
misco,m i s c o,â“‚â„¹ï¸ğŸ’²Â©ï¸ğŸ…¾ï¸
moira,m o i r a,â“‚ğŸ…¾ï¸â„¹ï¸Â®ï¸ğŸ…°ï¸
moois,m o o i s,â“‚ğŸ…¾ï¸ğŸ…¾ï¸â„¹ï¸ğŸ’²
moors,m o o r s,â“‚ğŸ…¾ï¸ğŸ…¾ï¸Â®ï¸ğŸ’²
moors,m o o r s,â“‚ğŸ…¾ï¸ğŸ…¾ï¸Â®ï¸ğŸ’²
morra,m o r r a,â“‚ğŸ…¾ï¸Â®ï¸Â®ï¸ğŸ…°ï¸
oasis,o a s i s,ğŸ…¾ï¸ğŸ…°ï¸ğŸ’²â„¹ï¸ğŸ’²
obama,o b a m a,ğŸ…¾ï¸ğŸ…±ï¸ğŸ…°ï¸â“‚ğŸ…°ï¸
obias,o b i a s,ğŸ…¾ï¸ğŸ…±ï¸â„¹ï¸ğŸ…°ï¸ğŸ’²
okapi,ok a p i,ğŸ†—ğŸ…°ï¸ğŸ…¿ï¸â„¹ï¸
omarm,o m a r m,ğŸ…¾ï¸â“‚ğŸ…°ï¸Â®ï¸â“‚
onpas,on p a s,ğŸ”›ğŸ…¿ï¸ğŸ…°ï¸ğŸ’²
oppas,o p p a s,ğŸ…¾ï¸ğŸ…¿ï¸ğŸ…¿ï¸ğŸ…°ï¸ğŸ’²
oppas,o p p a s,ğŸ…¾ï¸ğŸ…¿ï¸ğŸ…¿ï¸ğŸ…°ï¸ğŸ’²
oppor,o p p o r,ğŸ…¾ï¸ğŸ…¿ï¸ğŸ…¿ï¸ğŸ…¾ï¸Â®ï¸
oppor,o p p o r,ğŸ…¾ï¸ğŸ…¿ï¸ğŸ…¿ï¸ğŸ…¾ï¸Â®ï¸
opsom,o p s o m,ğŸ…¾ï¸ğŸ…¿ï¸ğŸ’²ğŸ…¾ï¸â“‚
orion,o r i on,ğŸ…¾ï¸Â®ï¸â„¹ï¸ğŸ”›
osama,o s a m a,ğŸ…¾ï¸ğŸ’²ğŸ…°ï¸â“‚ğŸ…°ï¸
oscar,o s c a r,ğŸ…¾ï¸ğŸ’²Â©ï¸ğŸ…°ï¸Â®ï¸
ossip,o s s i p,ğŸ…¾ï¸ğŸ’²ğŸ’²â„¹ï¸ğŸ…¿ï¸
otmar,o tm a r,ğŸ…¾ï¸ï»¿â„¢ï¸ğŸ…°ï¸Â®ï¸
paaps,p a a p s,ğŸ…¿ï¸ğŸ…°ï¸ğŸ…°ï¸ğŸ…¿ï¸ğŸ’²
paars,p a a r s,ğŸ…¿ï¸ğŸ…°ï¸ğŸ…°ï¸Â®ï¸ğŸ’²
pampa,p a m p a,ğŸ…¿ï¸ğŸ…°ï¸â“‚ğŸ…¿ï¸ğŸ…°ï¸
pappa,p a p p a,ğŸ…¿ï¸ğŸ…°ï¸ğŸ…¿ï¸ğŸ…¿ï¸ğŸ…°ï¸
parbo,p a r b o,ğŸ…¿ï¸ğŸ…°ï¸Â®ï¸ğŸ…±ï¸ğŸ…¾ï¸
paria,p a r i a,ğŸ…¿ï¸ğŸ…°ï¸Â®ï¸â„¹ï¸ğŸ…°ï¸
paris,p a r i s,ğŸ…¿ï¸ğŸ…°ï¸Â®ï¸â„¹ï¸ğŸ’²
parma,p a r m a,ğŸ…¿ï¸ğŸ…°ï¸Â®ï¸â“‚ğŸ…°ï¸
parsa,p a r s a,ğŸ…¿ï¸ğŸ…°ï¸Â®ï¸ğŸ’²ğŸ…°ï¸
pasar,p a s a r,ğŸ…¿ï¸ğŸ…°ï¸ğŸ’²ğŸ…°ï¸Â®ï¸
pasma,p a s m a,ğŸ…¿ï¸ğŸ…°ï¸ğŸ’²â“‚ğŸ…°ï¸
pasop,p a s o p,ğŸ…¿ï¸ğŸ…°ï¸ğŸ’²ğŸ…¾ï¸ğŸ…¿ï¸
piaam,p i a a m,ğŸ…¿ï¸â„¹ï¸ğŸ…°ï¸ğŸ…°ï¸â“‚
piais,p i a i s,ğŸ…¿ï¸â„¹ï¸ğŸ…°ï¸â„¹ï¸ğŸ’²
pingo,p i ng o,ğŸ…¿ï¸â„¹ï¸ğŸ†–ğŸ…¾ï¸
pippa,p i p p a,ğŸ…¿ï¸â„¹ï¸ğŸ…¿ï¸ğŸ…¿ï¸ğŸ…°ï¸
pippi,p i p p i,ğŸ…¿ï¸â„¹ï¸ğŸ…¿ï¸ğŸ…¿ï¸â„¹ï¸
poona,p o on a,ğŸ…¿ï¸ğŸ…¾ï¸ğŸ”›ğŸ…°ï¸
popma,p o p m a,ğŸ…¿ï¸ğŸ…¾ï¸ğŸ…¿ï¸â“‚ğŸ…°ï¸
popup,p o p up,ğŸ…¿ï¸ğŸ…¾ï¸ğŸ…¿ï¸ğŸ†™
posma,p o s m a,ğŸ…¿ï¸ğŸ…¾ï¸ğŸ’²â“‚ğŸ…°ï¸
potma,p o tm a,ğŸ…¿ï¸ğŸ…¾ï¸ï»¿â„¢ï¸ğŸ…°ï¸
praai,p r a a i,ğŸ…¿ï¸Â®ï¸ğŸ…°ï¸ğŸ…°ï¸â„¹ï¸
praam,p r a a m,ğŸ…¿ï¸Â®ï¸ğŸ…°ï¸ğŸ…°ï¸â“‚
praas,p r a a s,ğŸ…¿ï¸Â®ï¸ğŸ…°ï¸ğŸ…°ï¸ğŸ’²
praia,p r a i a,ğŸ…¿ï¸Â®ï¸ğŸ…°ï¸â„¹ï¸ğŸ…°ï¸
prang,p r a ng,ğŸ…¿ï¸Â®ï¸ğŸ…°ï¸ğŸ†–
prima,p r i m a,ğŸ…¿ï¸Â®ï¸â„¹ï¸â“‚ğŸ…°ï¸
primo,p r i m o,ğŸ…¿ï¸Â®ï¸â„¹ï¸â“‚ğŸ…¾ï¸
prion,p r i on,ğŸ…¿ï¸Â®ï¸â„¹ï¸ğŸ”›
prior,p r i o r,ğŸ…¿ï¸Â®ï¸â„¹ï¸ğŸ…¾ï¸Â®ï¸
promo,p r o m o,ğŸ…¿ï¸Â®ï¸ğŸ…¾ï¸â“‚ğŸ…¾ï¸
prooi,p r o o i,ğŸ…¿ï¸Â®ï¸ğŸ…¾ï¸ğŸ…¾ï¸â„¹ï¸
proos,p r o o s,ğŸ…¿ï¸Â®ï¸ğŸ…¾ï¸ğŸ…¾ï¸ğŸ’²
pross,p r o s s,ğŸ…¿ï¸Â®ï¸ğŸ…¾ï¸ğŸ’²ğŸ’²
rabbi,r ab b i,Â®ï¸ğŸ†ğŸ…±ï¸â„¹ï¸
rabia,r ab i a,Â®ï¸ğŸ†â„¹ï¸ğŸ…°ï¸
raisa,r a i s a,Â®ï¸ğŸ…°ï¸â„¹ï¸ğŸ’²ğŸ…°ï¸
rambo,r a m b o,Â®ï¸ğŸ…°ï¸â“‚ğŸ…±ï¸ğŸ…¾ï¸
ramon,r a m on,Â®ï¸ğŸ…°ï¸â“‚ğŸ”›
ramos,r a m o s,Â®ï¸ğŸ…°ï¸â“‚ğŸ…¾ï¸ğŸ’²
ricco,r i c c o,Â®ï¸â„¹ï¸Â©ï¸Â©ï¸ğŸ…¾ï¸
ringo,r i ng o,Â®ï¸â„¹ï¸ğŸ†–ğŸ…¾ï¸
rison,r i s on,Â®ï¸â„¹ï¸ğŸ’²ğŸ”›
rocco,r o c c o,Â®ï¸ğŸ…¾ï¸Â©ï¸Â©ï¸ğŸ…¾ï¸
rompa,r o m p a,Â®ï¸ğŸ…¾ï¸â“‚ğŸ…¿ï¸ğŸ…°ï¸
rooks,r o ok s,Â®ï¸ğŸ…¾ï¸ğŸ†—ğŸ’²
rooms,r o o m s,Â®ï¸ğŸ…¾ï¸ğŸ…¾ï¸â“‚ğŸ’²
rooms,r o o m s,Â®ï¸ğŸ…¾ï¸ğŸ…¾ï¸â“‚ğŸ’²
rooms,r o o m s,Â®ï¸ğŸ…¾ï¸ğŸ…¾ï¸â“‚ğŸ’²
sabir,s ab i r,ğŸ’²ğŸ†â„¹ï¸Â®ï¸
sabra,s ab r a,ğŸ’²ğŸ†Â®ï¸ğŸ…°ï¸
sabri,s ab r i,ğŸ’²ğŸ†Â®ï¸â„¹ï¸
saida,s a id a,ğŸ’²ğŸ…°ï¸ğŸ†”ğŸ…°ï¸
saidi,s a id i,ğŸ’²ğŸ…°ï¸ğŸ†”â„¹ï¸
samar,s a m a r,ğŸ’²ğŸ…°ï¸â“‚ğŸ…°ï¸Â®ï¸
samba,s a m b a,ğŸ’²ğŸ…°ï¸â“‚ğŸ…±ï¸ğŸ…°ï¸
sambo,s a m b o,ğŸ’²ğŸ…°ï¸â“‚ğŸ…±ï¸ğŸ…¾ï¸
samir,s a m i r,ğŸ’²ğŸ…°ï¸â“‚â„¹ï¸Â®ï¸
samoa,s a m o a,ğŸ’²ğŸ…°ï¸â“‚ğŸ…¾ï¸ğŸ…°ï¸
sarai,s a r a i,ğŸ’²ğŸ…°ï¸Â®ï¸ğŸ…°ï¸â„¹ï¸
saris,s a r i s,ğŸ’²ğŸ…°ï¸Â®ï¸â„¹ï¸ğŸ’²
scoop,s c o o p,ğŸ’²Â©ï¸ğŸ…¾ï¸ğŸ…¾ï¸ğŸ…¿ï¸
scoor,s c o o r,ğŸ’²Â©ï¸ğŸ…¾ï¸ğŸ…¾ï¸Â®ï¸
scrip,s c r i p,ğŸ’²Â©ï¸Â®ï¸â„¹ï¸ğŸ…¿ï¸
sibma,s i b m a,ğŸ’²â„¹ï¸ğŸ…±ï¸â“‚ğŸ…°ï¸
sibon,s i b on,ğŸ’²â„¹ï¸ğŸ…±ï¸ğŸ”›
sicco,s i c c o,ğŸ’²â„¹ï¸Â©ï¸Â©ï¸ğŸ…¾ï¸
sidon,s id on,ğŸ’²ğŸ†”ğŸ”›
sidra,s id r a,ğŸ’²ğŸ†”Â®ï¸ğŸ…°ï¸
simon,s i m on,ğŸ’²â„¹ï¸â“‚ğŸ”›
sipma,s i p m a,ğŸ’²â„¹ï¸ğŸ…¿ï¸â“‚ğŸ…°ï¸
sissi,s i s s i,ğŸ’²â„¹ï¸ğŸ’²ğŸ’²â„¹ï¸
smook,s m o ok,ğŸ’²â“‚ğŸ…¾ï¸ğŸ†—
smook,s m o ok,ğŸ’²â“‚ğŸ…¾ï¸ğŸ†—
smoor,s m o o r,ğŸ’²â“‚ğŸ…¾ï¸ğŸ…¾ï¸Â®ï¸
smoor,s m o o r,ğŸ’²â“‚ğŸ…¾ï¸ğŸ…¾ï¸Â®ï¸
somai,s o m a i,ğŸ’²ğŸ…¾ï¸â“‚ğŸ…°ï¸â„¹ï¸
somma,s o m m a,ğŸ’²ğŸ…¾ï¸â“‚â“‚ğŸ…°ï¸
sonar,s on a r,ğŸ’²ğŸ”›ğŸ…°ï¸Â®ï¸
sonia,s on i a,ğŸ’²ğŸ”›â„¹ï¸ğŸ…°ï¸
soons,soon s,ğŸ”œğŸ’²
spaar,s p a a r,ğŸ’²ğŸ…¿ï¸ğŸ…°ï¸ğŸ…°ï¸Â®ï¸
spaar,s p a a r,ğŸ’²ğŸ…¿ï¸ğŸ…°ï¸ğŸ…°ï¸Â®ï¸
spang,s p a ng,ğŸ’²ğŸ…¿ï¸ğŸ…°ï¸ğŸ†–
spion,s p i on,ğŸ’²ğŸ…¿ï¸â„¹ï¸ğŸ”›
spons,s p on s,ğŸ’²ğŸ…¿ï¸ğŸ”›ğŸ’²
spons,s p on s,ğŸ’²ğŸ…¿ï¸ğŸ”›ğŸ’²
spons,s p on s,ğŸ’²ğŸ…¿ï¸ğŸ”›ğŸ’²
spook,s p o ok,ğŸ’²ğŸ…¿ï¸ğŸ…¾ï¸ğŸ†—
spook,s p o ok,ğŸ’²ğŸ…¿ï¸ğŸ…¾ï¸ğŸ†—
spoor,s p o o r,ğŸ’²ğŸ…¿ï¸ğŸ…¾ï¸ğŸ…¾ï¸Â®ï¸
spoor,s p o o r,ğŸ’²ğŸ…¿ï¸ğŸ…¾ï¸ğŸ…¾ï¸Â®ï¸
topas,top a s,ğŸ”ğŸ…°ï¸ğŸ’²
topic,top i c,ğŸ”â„¹ï¸Â©ï¸
topoi,top o i,ğŸ”ğŸ…¾ï¸â„¹ï¸
topos,top o s,ğŸ”ğŸ…¾ï¸ğŸ’²
aars,a a r s,ğŸ…°ï¸ğŸ…°ï¸Â®ï¸ğŸ’²
abba,ab b a,ğŸ†ğŸ…±ï¸ğŸ…°ï¸
abbo,ab b o,ğŸ†ğŸ…±ï¸ğŸ…¾ï¸
abma,ab m a,ğŸ†â“‚ğŸ…°ï¸
abom,ab o m,ğŸ†ğŸ…¾ï¸â“‚
abri,ab r i,ğŸ†Â®ï¸â„¹ï¸
acid,a c id,ğŸ…°ï¸Â©ï¸ğŸ†”
aida,a id a,ğŸ…°ï¸ğŸ†”ğŸ…°ï¸
aids,a id s,ğŸ…°ï¸ğŸ†”ğŸ’²
aids,a id s,ğŸ…°ï¸ğŸ†”ğŸ’²
amai,a m a i,ğŸ…°ï¸â“‚ğŸ…°ï¸â„¹ï¸
amar,a m a r,ğŸ…°ï¸â“‚ğŸ…°ï¸Â®ï¸
ambo,a m b o,ğŸ…°ï¸â“‚ğŸ…±ï¸ğŸ…¾ï¸
amir,a m i r,ğŸ…°ï¸â“‚â„¹ï¸Â®ï¸
amok,a m ok,ğŸ…°ï¸â“‚ğŸ†—
amon,a m on,ğŸ…°ï¸â“‚ğŸ”›
amor,a m o r,ğŸ…°ï¸â“‚ğŸ…¾ï¸Â®ï¸
amos,a m o s,ğŸ…°ï¸â“‚ğŸ…¾ï¸ğŸ’²
amri,a m r i,ğŸ…°ï¸â“‚Â®ï¸â„¹ï¸
amro,a m r o,ğŸ…°ï¸â“‚Â®ï¸ğŸ…¾ï¸
apia,a p i a,ğŸ…°ï¸ğŸ…¿ï¸â„¹ï¸ğŸ…°ï¸
apis,a p i s,ğŸ…°ï¸ğŸ…¿ï¸â„¹ï¸ğŸ’²
apon,a p on,ğŸ…°ï¸ğŸ…¿ï¸ğŸ”›
arab,a r ab,ğŸ…°ï¸Â®ï¸ğŸ†
aram,a r a m,ğŸ…°ï¸Â®ï¸ğŸ…°ï¸â“‚
aras,a r a s,ğŸ…°ï¸Â®ï¸ğŸ…°ï¸ğŸ’²
arbo,a r b o,ğŸ…°ï¸Â®ï¸ğŸ…±ï¸ğŸ…¾ï¸
arco,a r c o,ğŸ…°ï¸Â®ï¸Â©ï¸ğŸ…¾ï¸
aria,a r i a,ğŸ…°ï¸Â®ï¸â„¹ï¸ğŸ…°ï¸
aris,a r i s,ğŸ…°ï¸Â®ï¸â„¹ï¸ğŸ’²
arob,a r o b,ğŸ…°ï¸Â®ï¸ğŸ…¾ï¸ğŸ…±ï¸
aron,a r on,ğŸ…°ï¸Â®ï¸ğŸ”›
asia,a s i a,ğŸ…°ï¸ğŸ’²â„¹ï¸ğŸ…°ï¸
asic,a s i c,ğŸ…°ï¸ğŸ’²â„¹ï¸Â©ï¸
asim,a s i m,ğŸ…°ï¸ğŸ’²â„¹ï¸â“‚
asma,a s m a,ğŸ…°ï¸ğŸ’²â“‚ğŸ…°ï¸
asos,a sos,ğŸ…°ï¸ğŸ†˜
baai,b a a i,ğŸ…±ï¸ğŸ…°ï¸ğŸ…°ï¸â„¹ï¸
baar,b a a r,ğŸ…±ï¸ğŸ…°ï¸ğŸ…°ï¸Â®ï¸
baar,b a a r,ğŸ…±ï¸ğŸ…°ï¸ğŸ…°ï¸Â®ï¸
baar,b a a r,ğŸ…±ï¸ğŸ…°ï¸ğŸ…°ï¸Â®ï¸
baas,b a a s,ğŸ…±ï¸ğŸ…°ï¸ğŸ…°ï¸ğŸ’²
baas,b a a s,ğŸ…±ï¸ğŸ…°ï¸ğŸ…°ï¸ğŸ’²
baba,b ab a,ğŸ…±ï¸ğŸ†ğŸ…°ï¸
babi,b ab i,ğŸ…±ï¸ğŸ†â„¹ï¸
babs,b ab s,ğŸ…±ï¸ğŸ†ğŸ’²
back,back,ğŸ”™
back,back,ğŸ”™
baco,b a c o,ğŸ…±ï¸ğŸ…°ï¸Â©ï¸ğŸ…¾ï¸
bais,b a i s,ğŸ…±ï¸ğŸ…°ï¸â„¹ï¸ğŸ’²
bama,b a m a,ğŸ…±ï¸ğŸ…°ï¸â“‚ğŸ…°ï¸
bami,b a m i,ğŸ…±ï¸ğŸ…°ï¸â“‚â„¹ï¸
bang,b a ng,ğŸ…±ï¸ğŸ…°ï¸ğŸ†–
bara,b a r a,ğŸ…±ï¸ğŸ…°ï¸Â®ï¸ğŸ…°ï¸
bars,b a r s,ğŸ…±ï¸ğŸ…°ï¸Â®ï¸ğŸ’²
bass,b a s s,ğŸ…±ï¸ğŸ…°ï¸ğŸ’²ğŸ’²
bias,b i a s,ğŸ…±ï¸â„¹ï¸ğŸ…°ï¸ğŸ’²
bibi,b i b i,ğŸ…±ï¸â„¹ï¸ğŸ…±ï¸â„¹ï¸
bibo,b i b o,ğŸ…±ï¸â„¹ï¸ğŸ…±ï¸ğŸ…¾ï¸
bibs,b i b s,ğŸ…±ï¸â„¹ï¸ğŸ…±ï¸ğŸ’²
bima,b i m a,ğŸ…±ï¸â„¹ï¸â“‚ğŸ…°ï¸
bing,b i ng,ğŸ…±ï¸â„¹ï¸ğŸ†–
bios,b i o s,ğŸ…±ï¸â„¹ï¸ğŸ…¾ï¸ğŸ’²
bios,b i o s,ğŸ…±ï¸â„¹ï¸ğŸ…¾ï¸ğŸ’²
bips,b i p s,ğŸ…±ï¸â„¹ï¸ğŸ…¿ï¸ğŸ’²
boas,b o a s,ğŸ…±ï¸ğŸ…¾ï¸ğŸ…°ï¸ğŸ’²
bobo,b o b o,ğŸ…±ï¸ğŸ…¾ï¸ğŸ…±ï¸ğŸ…¾ï¸
bobs,b o b s,ğŸ…±ï¸ğŸ…¾ï¸ğŸ…±ï¸ğŸ’²
boks,b ok s,ğŸ…±ï¸ğŸ†—ğŸ’²
boks,b ok s,ğŸ…±ï¸ğŸ†—ğŸ’²
boni,b on i,ğŸ…±ï¸ğŸ”›â„¹ï¸
boni,b on i,ğŸ…±ï¸ğŸ”›â„¹ï¸
bono,b on o,ğŸ…±ï¸ğŸ”›ğŸ…¾ï¸
bono,b on o,ğŸ…±ï¸ğŸ”›ğŸ…¾ï¸
bons,b on s,ğŸ…±ï¸ğŸ”›ğŸ’²
bons,b on s,ğŸ…±ï¸ğŸ”›ğŸ’²
booi,b o o i,ğŸ…±ï¸ğŸ…¾ï¸ğŸ…¾ï¸â„¹ï¸
boom,b o o m,ğŸ…±ï¸ğŸ…¾ï¸ğŸ…¾ï¸â“‚
boom,b o o m,ğŸ…±ï¸ğŸ…¾ï¸ğŸ…¾ï¸â“‚
boom,b o o m,ğŸ…±ï¸ğŸ…¾ï¸ğŸ…¾ï¸â“‚
boon,b o on,ğŸ…±ï¸ğŸ…¾ï¸ğŸ”›
boor,b o o r,ğŸ…±ï¸ğŸ…¾ï¸ğŸ…¾ï¸Â®ï¸
boor,b o o r,ğŸ…±ï¸ğŸ…¾ï¸ğŸ…¾ï¸Â®ï¸
boos,b o o s,ğŸ…±ï¸ğŸ…¾ï¸ğŸ…¾ï¸ğŸ’²
boos,b o o s,ğŸ…±ï¸ğŸ…¾ï¸ğŸ…¾ï¸ğŸ’²
bora,b o r a,ğŸ…±ï¸ğŸ…¾ï¸Â®ï¸ğŸ…°ï¸
borm,b o r m,ğŸ…±ï¸ğŸ…¾ï¸Â®ï¸â“‚
boss,b o s s,ğŸ…±ï¸ğŸ…¾ï¸ğŸ’²ğŸ’²
bram,b r a m,ğŸ…±ï¸Â®ï¸ğŸ…°ï¸â“‚
bras,b r a s,ğŸ…±ï¸Â®ï¸ğŸ…°ï¸ğŸ’²
brio,b r i o,ğŸ…±ï¸Â®ï¸â„¹ï¸ğŸ…¾ï¸
brok,b r ok,ğŸ…±ï¸Â®ï¸ğŸ†—
brok,b r ok,ğŸ…±ï¸Â®ï¸ğŸ†—
brom,b r o m,ğŸ…±ï¸Â®ï¸ğŸ…¾ï¸â“‚
brom,b r o m,ğŸ…±ï¸Â®ï¸ğŸ…¾ï¸â“‚
bron,b r on,ğŸ…±ï¸Â®ï¸ğŸ”›
bros,b r o s,ğŸ…±ï¸Â®ï¸ğŸ…¾ï¸ğŸ’²
bros,b r o s,ğŸ…±ï¸Â®ï¸ğŸ…¾ï¸ğŸ’²
bups,b up s,ğŸ…±ï¸ğŸ†™ğŸ’²
camp,c a m p,Â©ï¸ğŸ…°ï¸â“‚ğŸ…¿ï¸
camp,c a m p,Â©ï¸ğŸ…°ï¸â“‚ğŸ…¿ï¸
cara,c a r a,Â©ï¸ğŸ…°ï¸Â®ï¸ğŸ…°ï¸
caro,c a r o,Â©ï¸ğŸ…°ï¸Â®ï¸ğŸ…¾ï¸
cars,c a r s,Â©ï¸ğŸ…°ï¸Â®ï¸ğŸ’²
ciro,c i r o,Â©ï¸â„¹ï¸Â®ï¸ğŸ…¾ï¸
clio,cl i o,ğŸ†‘â„¹ï¸ğŸ…¾ï¸
clip,cl i p,ğŸ†‘â„¹ï¸ğŸ…¿ï¸
cloo,cl o o,ğŸ†‘ğŸ…¾ï¸ğŸ…¾ï¸
coca,c o c a,Â©ï¸ğŸ…¾ï¸Â©ï¸ğŸ…°ï¸
coco,c o c o,Â©ï¸ğŸ…¾ï¸Â©ï¸ğŸ…¾ï¸
coma,c o m a,Â©ï¸ğŸ…¾ï¸â“‚ğŸ…°ï¸
cook,c o ok,Â©ï¸ğŸ…¾ï¸ğŸ†—
cool,cool,ğŸ†’
cool,cool,ğŸ†’
cora,c o r a,Â©ï¸ğŸ…¾ï¸Â®ï¸ğŸ…°ï¸
coup,c o up,Â©ï¸ğŸ…¾ï¸ğŸ†™
coup,c o up,Â©ï¸ğŸ…¾ï¸ğŸ†™
cras,c r a s,Â©ï¸Â®ï¸ğŸ…°ï¸ğŸ’²
cris,c r i s,Â©ï¸Â®ï¸â„¹ï¸ğŸ’²
cros,c r o s,Â©ï¸Â®ï¸ğŸ…¾ï¸ğŸ’²
free,free,ğŸ†“
free,free,ğŸ†“
ibis,i b i s,â„¹ï¸ğŸ…±ï¸â„¹ï¸ğŸ’²
icon,i c on,â„¹ï¸Â©ï¸ğŸ”›
imam,i m a m,â„¹ï¸â“‚ğŸ…°ï¸â“‚
inga,i ng a,â„¹ï¸ğŸ†–ğŸ…°ï¸
inga,i ng a,â„¹ï¸ğŸ†–ğŸ…°ï¸
ingo,i ng o,â„¹ï¸ğŸ†–ğŸ…¾ï¸
iona,i on a,â„¹ï¸ğŸ”›ğŸ…°ï¸
ipcc,i p c c,â„¹ï¸ğŸ…¿ï¸Â©ï¸Â©ï¸
ipso,i p s o,â„¹ï¸ğŸ…¿ï¸ğŸ’²ğŸ…¾ï¸
iris,i r i s,â„¹ï¸Â®ï¸â„¹ï¸ğŸ’²
iris,i r i s,â„¹ï¸Â®ï¸â„¹ï¸ğŸ’²
irma,i r m a,â„¹ï¸Â®ï¸â“‚ğŸ…°ï¸
isis,i s i s,â„¹ï¸ğŸ’²â„¹ï¸ğŸ’²
isra,i s r a,â„¹ï¸ğŸ’²Â®ï¸ğŸ…°ï¸
issa,i s s a,â„¹ï¸ğŸ’²ğŸ’²ğŸ…°ï¸
maai,m a a i,â“‚ğŸ…°ï¸ğŸ…°ï¸â„¹ï¸
maar,m a a r,â“‚ğŸ…°ï¸ğŸ…°ï¸Â®ï¸
maar,m a a r,â“‚ğŸ…°ï¸ğŸ…°ï¸Â®ï¸
maas,m a a s,â“‚ğŸ…°ï¸ğŸ…°ï¸ğŸ’²
maas,m a a s,â“‚ğŸ…°ï¸ğŸ…°ï¸ğŸ’²
maas,m a a s,â“‚ğŸ…°ï¸ğŸ…°ï¸ğŸ’²
maia,m a i a,â“‚ğŸ…°ï¸â„¹ï¸ğŸ…°ï¸
mais,m a i s,â“‚ğŸ…°ï¸â„¹ï¸ğŸ’²
mama,m a m a,â“‚ğŸ…°ï¸â“‚ğŸ…°ï¸
mams,m a m s,â“‚ğŸ…°ï¸â“‚ğŸ’²
mara,m a r a,â“‚ğŸ…°ï¸Â®ï¸ğŸ…°ï¸
marc,m a r c,â“‚ğŸ…°ï¸Â®ï¸Â©ï¸
marc,m a r c,â“‚ğŸ…°ï¸Â®ï¸Â©ï¸
mari,m a r i,â“‚ğŸ…°ï¸Â®ï¸â„¹ï¸
mars,m a r s,â“‚ğŸ…°ï¸Â®ï¸ğŸ’²
mbps,m b p s,â“‚ğŸ…±ï¸ğŸ…¿ï¸ğŸ’²
mica,m i c a,â“‚â„¹ï¸Â©ï¸ğŸ…°ï¸
mica,m i c a,â“‚â„¹ï¸Â©ï¸ğŸ…°ï¸
midi,m id i,â“‚ğŸ†”â„¹ï¸
mimi,m i m i,â“‚â„¹ï¸â“‚â„¹ï¸
mimi,m i m i,â“‚â„¹ï¸â“‚â„¹ï¸
ming,m i ng,â“‚â„¹ï¸ğŸ†–
mira,m i r a,â“‚â„¹ï¸Â®ï¸ğŸ…°ï¸
miro,m i r o,â“‚â„¹ï¸Â®ï¸ğŸ…¾ï¸
miss,m i s s,â“‚â„¹ï¸ğŸ’²ğŸ’²
mona,m on a,â“‚ğŸ”›ğŸ…°ï¸
mono,m on o,â“‚ğŸ”›ğŸ…¾ï¸
mooi,m o o i,â“‚ğŸ…¾ï¸ğŸ…¾ï¸â„¹ï¸
mooi,m o o i,â“‚ğŸ…¾ï¸ğŸ…¾ï¸â„¹ï¸
mook,m o ok,â“‚ğŸ…¾ï¸ğŸ†—
moon,m o on,â“‚ğŸ…¾ï¸ğŸ”›
moor,m o o r,â“‚ğŸ…¾ï¸ğŸ…¾ï¸Â®ï¸
moos,m o o s,â“‚ğŸ…¾ï¸ğŸ…¾ï¸ğŸ’²
mops,m o p s,â“‚ğŸ…¾ï¸ğŸ…¿ï¸ğŸ’²
mora,m o r a,â“‚ğŸ…¾ï¸Â®ï¸ğŸ…°ï¸
mors,m o r s,â“‚ğŸ…¾ï¸Â®ï¸ğŸ’²
mors,m o r s,â“‚ğŸ…¾ï¸Â®ï¸ğŸ’²
ngos,ng o s,ğŸ†–ğŸ…¾ï¸ğŸ’²
okra,ok r a,ğŸ†—Â®ï¸ğŸ…°ï¸
omar,o m a r,ğŸ…¾ï¸â“‚ğŸ…°ï¸Â®ï¸
onos,on o s,ğŸ”›ğŸ…¾ï¸ğŸ’²
oona,o on a,ğŸ…¾ï¸ğŸ”›ğŸ…°ï¸
orbi,o r b i,ğŸ…¾ï¸Â®ï¸ğŸ…±ï¸â„¹ï¸
ossi,o s s i,ğŸ…¾ï¸ğŸ’²ğŸ’²â„¹ï¸
paai,p a a i,ğŸ…¿ï¸ğŸ…°ï¸ğŸ…°ï¸â„¹ï¸
paap,p a a p,ğŸ…¿ï¸ğŸ…°ï¸ğŸ…°ï¸ğŸ…¿ï¸
paap,p a a p,ğŸ…¿ï¸ğŸ…°ï¸ğŸ…°ï¸ğŸ…¿ï¸
paar,p a a r,ğŸ…¿ï¸ğŸ…°ï¸ğŸ…°ï¸Â®ï¸
paar,p a a r,ğŸ…¿ï¸ğŸ…°ï¸ğŸ…°ï¸Â®ï¸
paar,p a a r,ğŸ…¿ï¸ğŸ…°ï¸ğŸ…°ï¸Â®ï¸
paas,p a a s,ğŸ…¿ï¸ğŸ…°ï¸ğŸ…°ï¸ğŸ’²
pabo,p ab o,ğŸ…¿ï¸ğŸ†ğŸ…¾ï¸
paco,p a c o,ğŸ…¿ï¸ğŸ…°ï¸Â©ï¸ğŸ…¾ï¸
pair,p a i r,ğŸ…¿ï¸ğŸ…°ï¸â„¹ï¸Â®ï¸
pais,p a i s,ğŸ…¿ï¸ğŸ…°ï¸â„¹ï¸ğŸ’²
pama,p a m a,ğŸ…¿ï¸ğŸ…°ï¸â“‚ğŸ…°ï¸
pang,p a ng,ğŸ…¿ï¸ğŸ…°ï¸ğŸ†–
papa,p a p a,ğŸ…¿ï¸ğŸ…°ï¸ğŸ…¿ï¸ğŸ…°ï¸
papa,p a p a,ğŸ…¿ï¸ğŸ…°ï¸ğŸ…¿ï¸ğŸ…°ï¸
paps,p a p s,ğŸ…¿ï¸ğŸ…°ï¸ğŸ…¿ï¸ğŸ’²
para,p a r a,ğŸ…¿ï¸ğŸ…°ï¸Â®ï¸ğŸ…°ï¸
pari,p a r i,ğŸ…¿ï¸ğŸ…°ï¸Â®ï¸â„¹ï¸
pars,p a r s,ğŸ…¿ï¸ğŸ…°ï¸Â®ï¸ğŸ’²
pars,p a r s,ğŸ…¿ï¸ğŸ…°ï¸Â®ï¸ğŸ’²
paso,p a s o,ğŸ…¿ï¸ğŸ…°ï¸ğŸ’²ğŸ…¾ï¸
pass,p a s s,ğŸ…¿ï¸ğŸ…°ï¸ğŸ’²ğŸ’²
pias,p i a s,ğŸ…¿ï¸â„¹ï¸ğŸ…°ï¸ğŸ’²
pica,p i c a,ğŸ…¿ï¸â„¹ï¸Â©ï¸ğŸ…°ï¸
pico,p i c o,ğŸ…¿ï¸â„¹ï¸Â©ï¸ğŸ…¾ï¸
pico,p i c o,ğŸ…¿ï¸â„¹ï¸Â©ï¸ğŸ…¾ï¸
ping,p i ng,ğŸ…¿ï¸â„¹ï¸ğŸ†–
pion,p i on,ğŸ…¿ï¸â„¹ï¸ğŸ”›
pips,p i p s,ğŸ…¿ï¸â„¹ï¸ğŸ…¿ï¸ğŸ’²
pisa,p i s a,ğŸ…¿ï¸â„¹ï¸ğŸ’²ğŸ…°ï¸
piso,p i s o,ğŸ…¿ï¸â„¹ï¸ğŸ’²ğŸ…¾ï¸
pomp,p o m p,ğŸ…¿ï¸ğŸ…¾ï¸â“‚ğŸ…¿ï¸
pomp,p o m p,ğŸ…¿ï¸ğŸ…¾ï¸â“‚ğŸ…¿ï¸
pons,p on s,ğŸ…¿ï¸ğŸ”›ğŸ’²
pons,p on s,ğŸ…¿ï¸ğŸ”›ğŸ’²
pooi,p o o i,ğŸ…¿ï¸ğŸ…¾ï¸ğŸ…¾ï¸â„¹ï¸
pook,p o ok,ğŸ…¿ï¸ğŸ…¾ï¸ğŸ†—
pook,p o ok,ğŸ…¿ï¸ğŸ…¾ï¸ğŸ†—
poon,p o on,ğŸ…¿ï¸ğŸ…¾ï¸ğŸ”›
poon,p o on,ğŸ…¿ï¸ğŸ…¾ï¸ğŸ”›
poos,p o o s,ğŸ…¿ï¸ğŸ…¾ï¸ğŸ…¾ï¸ğŸ’²
poos,p o o s,ğŸ…¿ï¸ğŸ…¾ï¸ğŸ…¾ï¸ğŸ’²
popi,p o p i,ğŸ…¿ï¸ğŸ…¾ï¸ğŸ…¿ï¸â„¹ï¸
prop,p r o p,ğŸ…¿ï¸Â®ï¸ğŸ…¾ï¸ğŸ…¿ï¸
prop,p r o p,ğŸ…¿ï¸Â®ï¸ğŸ…¾ï¸ğŸ…¿ï¸
raai,r a a i,Â®ï¸ğŸ…°ï¸ğŸ…°ï¸â„¹ï¸
raai,r a a i,Â®ï¸ğŸ…°ï¸ğŸ…°ï¸â„¹ï¸
raam,r a a m,Â®ï¸ğŸ…°ï¸ğŸ…°ï¸â“‚
raam,r a a m,Â®ï¸ğŸ…°ï¸ğŸ…°ï¸â“‚
raap,r a a p,Â®ï¸ğŸ…°ï¸ğŸ…°ï¸ğŸ…¿ï¸
raap,r a a p,Â®ï¸ğŸ…°ï¸ğŸ…°ï¸ğŸ…¿ï¸
raar,r a a r,Â®ï¸ğŸ…°ï¸ğŸ…°ï¸Â®ï¸
raas,r a a s,Â®ï¸ğŸ…°ï¸ğŸ…°ï¸ğŸ’²
raas,r a a s,Â®ï¸ğŸ…°ï¸ğŸ…°ï¸ğŸ’²
raid,r a id,Â®ï¸ğŸ…°ï¸ğŸ†”
raio,r a i o,Â®ï¸ğŸ…°ï¸â„¹ï¸ğŸ…¾ï¸
rama,r a m a,Â®ï¸ğŸ…°ï¸â“‚ğŸ…°ï¸
rami,r a m i,Â®ï¸ğŸ…°ï¸â“‚â„¹ï¸
ramp,r a m p,Â®ï¸ğŸ…°ï¸â“‚ğŸ…¿ï¸
rams,r a m s,Â®ï¸ğŸ…°ï¸â“‚ğŸ’²
rang,r a ng,Â®ï¸ğŸ…°ï¸ğŸ†–
rara,r a r a,Â®ï¸ğŸ…°ï¸Â®ï¸ğŸ…°ï¸
rasa,r a s a,Â®ï¸ğŸ…°ï¸ğŸ’²ğŸ…°ï¸
rasp,r a s p,Â®ï¸ğŸ…°ï¸ğŸ’²ğŸ…¿ï¸
rasp,r a s p,Â®ï¸ğŸ…°ï¸ğŸ’²ğŸ…¿ï¸
rica,r i c a,Â®ï¸â„¹ï¸Â©ï¸ğŸ…°ï¸
rico,r i c o,Â®ï¸â„¹ï¸Â©ï¸ğŸ…¾ï¸
ring,r i ng,Â®ï¸â„¹ï¸ğŸ†–
ring,r i ng,Â®ï¸â„¹ï¸ğŸ†–
rips,r i p s,Â®ï¸â„¹ï¸ğŸ…¿ï¸ğŸ’²
robs,r o b s,Â®ï¸ğŸ…¾ï¸ğŸ…±ï¸ğŸ’²
rocs,r o c s,Â®ï¸ğŸ…¾ï¸Â©ï¸ğŸ’²
roks,r ok s,Â®ï¸ğŸ†—ğŸ’²
roma,r o m a,Â®ï¸ğŸ…¾ï¸â“‚ğŸ…°ï¸
romp,r o m p,Â®ï¸ğŸ…¾ï¸â“‚ğŸ…¿ï¸
rona,r on a,Â®ï¸ğŸ”›ğŸ…°ï¸
rooi,r o o i,Â®ï¸ğŸ…¾ï¸ğŸ…¾ï¸â„¹ï¸
rooi,r o o i,Â®ï¸ğŸ…¾ï¸ğŸ…¾ï¸â„¹ï¸
rook,r o ok,Â®ï¸ğŸ…¾ï¸ğŸ†—
rook,r o ok,Â®ï¸ğŸ…¾ï¸ğŸ†—
rook,r o ok,Â®ï¸ğŸ…¾ï¸ğŸ†—
room,r o o m,Â®ï¸ğŸ…¾ï¸ğŸ…¾ï¸â“‚
room,r o o m,Â®ï¸ğŸ…¾ï¸ğŸ…¾ï¸â“‚
room,r o o m,Â®ï¸ğŸ…¾ï¸ğŸ…¾ï¸â“‚
roon,r o on,Â®ï¸ğŸ…¾ï¸ğŸ”›
roor,r o o r,Â®ï¸ğŸ…¾ï¸ğŸ…¾ï¸Â®ï¸
roos,r o o s,Â®ï¸ğŸ…¾ï¸ğŸ…¾ï¸ğŸ’²
roos,r o o s,Â®ï¸ğŸ…¾ï¸ğŸ…¾ï¸ğŸ’²
roro,r o r o,Â®ï¸ğŸ…¾ï¸Â®ï¸ğŸ…¾ï¸
rosa,r o s a,Â®ï¸ğŸ…¾ï¸ğŸ’²ğŸ…°ï¸
ross,r o s s,Â®ï¸ğŸ…¾ï¸ğŸ’²ğŸ’²
rups,r up s,Â®ï¸ğŸ†™ğŸ’²
saab,s a ab,ğŸ’²ğŸ…°ï¸ğŸ†
saai,s a a i,ğŸ’²ğŸ…°ï¸ğŸ…°ï¸â„¹ï¸
saam,s a a m,ğŸ’²ğŸ…°ï¸ğŸ…°ï¸â“‚
saar,s a a r,ğŸ’²ğŸ…°ï¸ğŸ…°ï¸Â®ï¸
saas,s a a s,ğŸ’²ğŸ…°ï¸ğŸ…°ï¸ğŸ’²
saba,s ab a,ğŸ’²ğŸ†ğŸ…°ï¸
said,s a id,ğŸ’²ğŸ…°ï¸ğŸ†”
sami,s a m i,ğŸ’²ğŸ…°ï¸â“‚â„¹ï¸
sang,s a ng,ğŸ’²ğŸ…°ï¸ğŸ†–
sara,s a r a,ğŸ’²ğŸ…°ï¸Â®ï¸ğŸ…°ï¸
sara,s a r a,ğŸ’²ğŸ…°ï¸Â®ï¸ğŸ…°ï¸
sari,s a r i,ğŸ’²ğŸ…°ï¸Â®ï¸â„¹ï¸
sari,s a r i,ğŸ’²ğŸ…°ï¸Â®ï¸â„¹ï¸
sars,s a r s,ğŸ’²ğŸ…°ï¸Â®ï¸ğŸ’²
sidi,s id i,ğŸ’²ğŸ†”â„¹ï¸
sima,s i m a,ğŸ’²â„¹ï¸â“‚ğŸ…°ï¸
simi,s i m i,ğŸ’²â„¹ï¸â“‚â„¹ï¸
sims,s i m s,ğŸ’²â„¹ï¸â“‚ğŸ’²
sing,s i ng,ğŸ’²â„¹ï¸ğŸ†–
sion,s i on,ğŸ’²â„¹ï¸ğŸ”›
sira,s i r a,ğŸ’²â„¹ï¸Â®ï¸ğŸ…°ï¸
smid,s m id,ğŸ’²â“‚ğŸ†”
smis,s m i s,ğŸ’²â“‚â„¹ï¸ğŸ’²
smok,s m ok,ğŸ’²â“‚ğŸ†—
smok,s m ok,ğŸ’²â“‚ğŸ†—
smos,s m o s,ğŸ’²â“‚ğŸ…¾ï¸ğŸ’²
soap,s o a p,ğŸ’²ğŸ…¾ï¸ğŸ…°ï¸ğŸ…¿ï¸
soma,s o m a,ğŸ’²ğŸ…¾ï¸â“‚ğŸ…°ï¸
somp,s o m p,ğŸ’²ğŸ…¾ï¸â“‚ğŸ…¿ï¸
sons,s on s,ğŸ’²ğŸ”›ğŸ’²
sooi,s o o i,ğŸ’²ğŸ…¾ï¸ğŸ…¾ï¸â„¹ï¸
soos,s o o s,ğŸ’²ğŸ…¾ï¸ğŸ…¾ï¸ğŸ’²
spam,s p a m,ğŸ’²ğŸ…¿ï¸ğŸ…°ï¸â“‚
spar,s p a r,ğŸ’²ğŸ…¿ï¸ğŸ…°ï¸Â®ï¸
spar,s p a r,ğŸ’²ğŸ…¿ï¸ğŸ…°ï¸Â®ï¸
spon,s p on,ğŸ’²ğŸ…¿ï¸ğŸ”›
spon,s p on,ğŸ’²ğŸ…¿ï¸ğŸ”›
stop,s top,ğŸ’²ğŸ”
stop,s top,ğŸ’²ğŸ”
topo,top o,ğŸ”ğŸ…¾ï¸
tops,top s,ğŸ”ğŸ’²
tops,top s,ğŸ”ğŸ’²
aaa,a a a,ğŸ…°ï¸ğŸ…°ï¸ğŸ…°ï¸
aai,a a i,ğŸ…°ï¸ğŸ…°ï¸â„¹ï¸
aai,a a i,ğŸ…°ï¸ğŸ…°ï¸â„¹ï¸
aam,a a m,ğŸ…°ï¸ğŸ…°ï¸â“‚
aam,a a m,ğŸ…°ï¸ğŸ…°ï¸â“‚
aap,a a p,ğŸ…°ï¸ğŸ…°ï¸ğŸ…¿ï¸
aap,a a p,ğŸ…°ï¸ğŸ…°ï¸ğŸ…¿ï¸
aar,a a r,ğŸ…°ï¸ğŸ…°ï¸Â®ï¸
aas,a a s,ğŸ…°ï¸ğŸ…°ï¸ğŸ’²
aas,a a s,ğŸ…°ï¸ğŸ…°ï¸ğŸ’²
abc,abc,ğŸ”¤
abp,ab p,ğŸ†ğŸ…¿ï¸
aio,a i o,ğŸ…°ï¸â„¹ï¸ğŸ…¾ï¸
air,a i r,ğŸ…°ï¸â„¹ï¸Â®ï¸
ama,a m a,ğŸ…°ï¸â“‚ğŸ…°ï¸
amc,a m c,ğŸ…°ï¸â“‚Â©ï¸
amr,a m r,ğŸ…°ï¸â“‚Â®ï¸
ams,a m s,ğŸ…°ï¸â“‚ğŸ’²
ang,a ng,ğŸ…°ï¸ğŸ†–
aob,a o b,ğŸ…°ï¸ğŸ…¾ï¸ğŸ…±ï¸
api,a p i,ğŸ…°ï¸ğŸ…¿ï¸â„¹ï¸
ara,a r a,ğŸ…°ï¸Â®ï¸ğŸ…°ï¸
ara,a r a,ğŸ…°ï¸Â®ï¸ğŸ…°ï¸
ari,a r i,ğŸ…°ï¸Â®ï¸â„¹ï¸
arm,a r m,ğŸ…°ï¸Â®ï¸â“‚
arm,a r m,ğŸ…°ï¸Â®ï¸â“‚
arp,a r p,ğŸ…°ï¸Â®ï¸ğŸ…¿ï¸
ars,a r s,ğŸ…°ï¸Â®ï¸ğŸ’²
aso,a s o,ğŸ…°ï¸ğŸ’²ğŸ…¾ï¸
bab,b ab,ğŸ…±ï¸ğŸ†
bac,b a c,ğŸ…±ï¸ğŸ…°ï¸Â©ï¸
bam,b a m,ğŸ…±ï¸ğŸ…°ï¸â“‚
bao,b a o,ğŸ…±ï¸ğŸ…°ï¸ğŸ…¾ï¸
bar,b a r,ğŸ…±ï¸ğŸ…°ï¸Â®ï¸
bar,b a r,ğŸ…±ï¸ğŸ…°ï¸Â®ï¸
bas,b a s,ğŸ…±ï¸ğŸ…°ï¸ğŸ’²
bas,b a s,ğŸ…±ï¸ğŸ…°ï¸ğŸ’²
bas,b a s,ğŸ…±ï¸ğŸ…°ï¸ğŸ’²
bbc,b b c,ğŸ…±ï¸ğŸ…±ï¸Â©ï¸
bbp,b b p,ğŸ…±ï¸ğŸ…±ï¸ğŸ…¿ï¸
bbp,b b p,ğŸ…±ï¸ğŸ…±ï¸ğŸ…¿ï¸
bcc,b c c,ğŸ…±ï¸Â©ï¸Â©ï¸
bib,b i b,ğŸ…±ï¸â„¹ï¸ğŸ…±ï¸
bic,b i c,ğŸ…±ï¸â„¹ï¸Â©ï¸
bid,b id,ğŸ…±ï¸ğŸ†”
bid,b id,ğŸ…±ï¸ğŸ†”
bio,b i o,ğŸ…±ï¸â„¹ï¸ğŸ…¾ï¸
bis,b i s,ğŸ…±ï¸â„¹ï¸ğŸ’²
bmc,b m c,ğŸ…±ï¸â“‚Â©ï¸
boa,b o a,ğŸ…±ï¸ğŸ…¾ï¸ğŸ…°ï¸
bob,b o b,ğŸ…±ï¸ğŸ…¾ï¸ğŸ…±ï¸
bob,b o b,ğŸ…±ï¸ğŸ…¾ï¸ğŸ…±ï¸
bob,b o b,ğŸ…±ï¸ğŸ…¾ï¸ğŸ…±ï¸
boi,b o i,ğŸ…±ï¸ğŸ…¾ï¸â„¹ï¸
bok,b ok,ğŸ…±ï¸ğŸ†—
bok,b ok,ğŸ…±ï¸ğŸ†—
bom,b o m,ğŸ…±ï¸ğŸ…¾ï¸â“‚
bom,b o m,ğŸ…±ï¸ğŸ…¾ï¸â“‚
bon,b on,ğŸ…±ï¸ğŸ”›
bor,b o r,ğŸ…±ï¸ğŸ…¾ï¸Â®ï¸
bos,b o s,ğŸ…±ï¸ğŸ…¾ï¸ğŸ’²
bos,b o s,ğŸ…±ï¸ğŸ…¾ï¸ğŸ’²
bpm,b p m,ğŸ…±ï¸ğŸ…¿ï¸â“‚
bps,b p s,ğŸ…±ï¸ğŸ…¿ï¸ğŸ’²
bsc,b s c,ğŸ…±ï¸ğŸ’²Â©ï¸
bvs,b vs,ğŸ…±ï¸ğŸ†š
bvs,b vs,ğŸ…±ï¸ğŸ†š
cai,c a i,Â©ï¸ğŸ…°ï¸â„¹ï¸
cai,c a i,Â©ï¸ğŸ…°ï¸â„¹ï¸
cao,c a o,Â©ï¸ğŸ…°ï¸ğŸ…¾ï¸
cao,c a o,Â©ï¸ğŸ…°ï¸ğŸ…¾ï¸
cap,c a p,Â©ï¸ğŸ…°ï¸ğŸ…¿ï¸
cas,c a s,Â©ï¸ğŸ…°ï¸ğŸ’²
cbb,c b b,Â©ï¸ğŸ…±ï¸ğŸ…±ï¸
cbp,c b p,Â©ï¸ğŸ…±ï¸ğŸ…¿ï¸
cbr,c b r,Â©ï¸ğŸ…±ï¸Â®ï¸
cbs,c b s,Â©ï¸ğŸ…±ï¸ğŸ’²
cia,c i a,Â©ï¸â„¹ï¸ğŸ…°ï¸
cis,c i s,Â©ï¸â„¹ï¸ğŸ’²
cis,c i s,Â©ï¸â„¹ï¸ğŸ’²
cok,c ok,Â©ï¸ğŸ†—
con,c on,Â©ï¸ğŸ”›
coo,c o o,Â©ï¸ğŸ…¾ï¸ğŸ…¾ï¸
cor,c o r,Â©ï¸ğŸ…¾ï¸Â®ï¸
cpb,c p b,Â©ï¸ğŸ…¿ï¸ğŸ…±ï¸
cup,c up,Â©ï¸ğŸ†™
cvs,c vs,Â©ï¸ğŸ†š
end,end,ğŸ”š
ibm,i b m,â„¹ï¸ğŸ…±ï¸â“‚
ida,id a,ğŸ†”ğŸ…°ï¸
idc,id c,ğŸ†”Â©ï¸
idi,id i,ğŸ†”â„¹ï¸
ido,id o,ğŸ†”ğŸ…¾ï¸
ids,id s,ğŸ†”ğŸ’²
ing,i ng,â„¹ï¸ğŸ†–
ioc,i o c,â„¹ï¸ğŸ…¾ï¸Â©ï¸
ion,i on,â„¹ï¸ğŸ”›
ira,i r a,â„¹ï¸Â®ï¸ğŸ…°ï¸
isa,i s a,â„¹ï¸ğŸ’²ğŸ…°ï¸
iso,i s o,â„¹ï¸ğŸ’²ğŸ…¾ï¸
mac,m a c,â“‚ğŸ…°ï¸Â©ï¸
mai,m a i,â“‚ğŸ…°ï¸â„¹ï¸
mam,m a m,â“‚ğŸ…°ï¸â“‚
mao,m a o,â“‚ğŸ…°ï¸ğŸ…¾ï¸
map,m a p,â“‚ğŸ…°ï¸ğŸ…¿ï¸
mas,m a s,â“‚ğŸ…°ï¸ğŸ’²
mba,m b a,â“‚ğŸ…±ï¸ğŸ…°ï¸
mbo,m b o,â“‚ğŸ…±ï¸ğŸ…¾ï¸
mbo,m b o,â“‚ğŸ…±ï¸ğŸ…¾ï¸
mia,m i a,â“‚â„¹ï¸ğŸ…°ï¸
mir,m i r,â“‚â„¹ï¸Â®ï¸
mis,m i s,â“‚â„¹ï¸ğŸ’²
mis,m i s,â“‚â„¹ï¸ğŸ’²
mok,m ok,â“‚ğŸ†—
mok,m ok,â“‚ğŸ†—
mom,m o m,â“‚ğŸ…¾ï¸â“‚
mom,m o m,â“‚ğŸ…¾ï¸â“‚
mon,m on,â“‚ğŸ”›
mop,m o p,â“‚ğŸ…¾ï¸ğŸ…¿ï¸
mor,m o r,â“‚ğŸ…¾ï¸Â®ï¸
mos,m o s,â“‚ğŸ…¾ï¸ğŸ’²
mps,m p s,â“‚ğŸ…¿ï¸ğŸ’²
mri,m r i,â“‚Â®ï¸â„¹ï¸
msc,m s c,â“‚ğŸ’²Â©ï¸
new,new,ğŸ†•
new,new,ğŸ†•
ngi,ng i,ğŸ†–â„¹ï¸
ngo,ng o,ğŸ†–ğŸ…¾ï¸
ngo,ng o,ğŸ†–ğŸ…¾ï¸
obi,o b i,ğŸ…¾ï¸ğŸ…±ï¸â„¹ï¸
obs,o b s,ğŸ…¾ï¸ğŸ…±ï¸ğŸ’²
ocr,o c r,ğŸ…¾ï¸Â©ï¸Â®ï¸
oio,o i o,ğŸ…¾ï¸â„¹ï¸ğŸ…¾ï¸
oir,o i r,ğŸ…¾ï¸â„¹ï¸Â®ï¸
oma,o m a,ğŸ…¾ï¸â“‚ğŸ…°ï¸
ons,on s,ğŸ”›ğŸ’²
ooi,o o i,ğŸ…¾ï¸ğŸ…¾ï¸â„¹ï¸
ook,o ok,ğŸ…¾ï¸ğŸ†—
oom,o o m,ğŸ…¾ï¸ğŸ…¾ï¸â“‚
oor,o o r,ğŸ…¾ï¸ğŸ…¾ï¸Â®ï¸
opa,o p a,ğŸ…¾ï¸ğŸ…¿ï¸ğŸ…°ï¸
ori,o r i,ğŸ…¾ï¸Â®ï¸â„¹ï¸
oss,o s s,ğŸ…¾ï¸ğŸ’²ğŸ’²
pam,p a m,ğŸ…¿ï¸ğŸ…°ï¸â“‚
pap,p a p,ğŸ…¿ï¸ğŸ…°ï¸ğŸ…¿ï¸
pap,p a p,ğŸ…¿ï¸ğŸ…°ï¸ğŸ…¿ï¸
par,p a r,ğŸ…¿ï¸ğŸ…°ï¸Â®ï¸
pas,p a s,ğŸ…¿ï¸ğŸ…°ï¸ğŸ’²
pas,p a s,ğŸ…¿ï¸ğŸ…°ï¸ğŸ’²
pcb,p c b,ğŸ…¿ï¸Â©ï¸ğŸ…±ï¸
pcb,p c b,ğŸ…¿ï¸Â©ï¸ğŸ…±ï¸
pcs,p c s,ğŸ…¿ï¸Â©ï¸ğŸ’²
pia,p i a,ğŸ…¿ï¸â„¹ï¸ğŸ…°ï¸
pim,p i m,ğŸ…¿ï¸â„¹ï¸â“‚
pip,p i p,ğŸ…¿ï¸â„¹ï¸ğŸ…¿ï¸
pip,p i p,ğŸ…¿ï¸â„¹ï¸ğŸ…¿ï¸
pis,p i s,ğŸ…¿ï¸â„¹ï¸ğŸ’²
pis,p i s,ğŸ…¿ï¸â„¹ï¸ğŸ’²
pok,p ok,ğŸ…¿ï¸ğŸ†—
pom,p o m,ğŸ…¿ï¸ğŸ…¾ï¸â“‚
pon,p on,ğŸ…¿ï¸ğŸ”›
pop,p o p,ğŸ…¿ï¸ğŸ…¾ï¸ğŸ…¿ï¸
por,p o r,ğŸ…¿ï¸ğŸ…¾ï¸Â®ï¸
por,p o r,ğŸ…¿ï¸ğŸ…¾ï¸Â®ï¸
pos,p o s,ğŸ…¿ï¸ğŸ…¾ï¸ğŸ’²
pps,p p s,ğŸ…¿ï¸ğŸ…¿ï¸ğŸ’²
pro,p r o,ğŸ…¿ï¸Â®ï¸ğŸ…¾ï¸
pup,p up,ğŸ…¿ï¸ğŸ†™
rai,r a i,Â®ï¸ğŸ…°ï¸â„¹ï¸
ram,r a m,Â®ï¸ğŸ…°ï¸â“‚
ram,r a m,Â®ï¸ğŸ…°ï¸â“‚
ram,r a m,Â®ï¸ğŸ…°ï¸â“‚
rap,r a p,Â®ï¸ğŸ…°ï¸ğŸ…¿ï¸
rap,r a p,Â®ï¸ğŸ…°ï¸ğŸ…¿ï¸
rap,r a p,Â®ï¸ğŸ…°ï¸ğŸ…¿ï¸
ras,r a s,Â®ï¸ğŸ…°ï¸ğŸ’²
ras,r a s,Â®ï¸ğŸ…°ï¸ğŸ’²
ria,r i a,Â®ï¸â„¹ï¸ğŸ…°ï¸
rib,r i b,Â®ï¸â„¹ï¸ğŸ…±ï¸
rib,r i b,Â®ï¸â„¹ï¸ğŸ…±ï¸
rim,r i m,Â®ï¸â„¹ï¸â“‚
rio,r i o,Â®ï¸â„¹ï¸ğŸ…¾ï¸
rio,r i o,Â®ï¸â„¹ï¸ğŸ…¾ï¸
rip,r i p,Â®ï¸â„¹ï¸ğŸ…¿ï¸
rip,r i p,Â®ï¸â„¹ï¸ğŸ…¿ï¸
ris,r i s,Â®ï¸â„¹ï¸ğŸ’²
rob,r o b,Â®ï¸ğŸ…¾ï¸ğŸ…±ï¸
roc,r o c,Â®ï¸ğŸ…¾ï¸Â©ï¸
rok,r ok,Â®ï¸ğŸ†—
ron,r on,Â®ï¸ğŸ”›
roo,r o o,Â®ï¸ğŸ…¾ï¸ğŸ…¾ï¸
rop,r o p,Â®ï¸ğŸ…¾ï¸ğŸ…¿ï¸
rop,r o p,Â®ï¸ğŸ…¾ï¸ğŸ…¿ï¸
ros,r o s,Â®ï¸ğŸ…¾ï¸ğŸ’²
ros,r o s,Â®ï¸ğŸ…¾ï¸ğŸ’²
ros,r o s,Â®ï¸ğŸ…¾ï¸ğŸ’²
rsi,r s i,Â®ï¸ğŸ’²â„¹ï¸
rss,r s s,Â®ï¸ğŸ’²ğŸ’²
rvs,r vs,Â®ï¸ğŸ†š
rvs,r vs,Â®ï¸ğŸ†š
sai,s a i,ğŸ’²ğŸ…°ï¸â„¹ï¸
sam,s a m,ğŸ’²ğŸ…°ï¸â“‚
sao,s a o,ğŸ’²ğŸ…°ï¸ğŸ…¾ï¸
sap,s a p,ğŸ’²ğŸ…°ï¸ğŸ…¿ï¸
sar,s a r,ğŸ’²ğŸ…°ï¸Â®ï¸
sas,s a s,ğŸ’²ğŸ…°ï¸ğŸ’²
sbb,s b b,ğŸ’²ğŸ…±ï¸ğŸ…±ï¸
sbs,s b s,ğŸ’²ğŸ…±ï¸ğŸ’²
sic,s i c,ğŸ’²â„¹ï¸Â©ï¸
sid,s id,ğŸ’²ğŸ†”
sim,s i m,ğŸ’²â„¹ï¸â“‚
sim,s i m,ğŸ’²â„¹ï¸â“‚
sip,s i p,ğŸ’²â„¹ï¸ğŸ…¿ï¸
sip,s i p,ğŸ’²â„¹ï¸ğŸ…¿ï¸
sis,s i s,ğŸ’²â„¹ï¸ğŸ’²
sis,s i s,ğŸ’²â„¹ï¸ğŸ’²
smc,s m c,ğŸ’²â“‚Â©ï¸
sms,s m s,ğŸ’²â“‚ğŸ’²
sms,s m s,ğŸ’²â“‚ğŸ’²
soa,s o a,ğŸ’²ğŸ…¾ï¸ğŸ…°ï¸
sok,s ok,ğŸ’²ğŸ†—
som,s o m,ğŸ’²ğŸ…¾ï¸â“‚
som,s o m,ğŸ’²ğŸ…¾ï¸â“‚
son,s on,ğŸ’²ğŸ”›
sop,s o p,ğŸ’²ğŸ…¾ï¸ğŸ…¿ï¸
sop,s o p,ğŸ’²ğŸ…¾ï¸ğŸ…¿ï¸
sos,sos,ğŸ†˜
spa,s p a,ğŸ’²ğŸ…¿ï¸ğŸ…°ï¸
spa,s p a,ğŸ’²ğŸ…¿ï¸ğŸ…°ï¸
sri,s r i,ğŸ’²Â®ï¸â„¹ï¸
top,top,ğŸ”
top,top,ğŸ”
upc,up c,ğŸ†™Â©ï¸
ups,up s,ğŸ†™ğŸ’²
vsb,vs b,ğŸ†šğŸ…±ï¸
wcs,wc s,ğŸš¾ğŸ’²
wcs,wc s,ğŸš¾ğŸ’²
aa,a a,ğŸ…°ï¸ğŸ…°ï¸
ab,ab,ğŸ†
ab,ab,ğŸ†
ai,a i,ğŸ…°ï¸â„¹ï¸
ai,a i,ğŸ…°ï¸â„¹ï¸
am,a m,ğŸ…°ï¸â“‚
ar,a r,ğŸ…°ï¸Â®ï¸
as,a s,ğŸ…°ï¸ğŸ’²
ba,b a,ğŸ…±ï¸ğŸ…°ï¸
ba,b a,ğŸ…±ï¸ğŸ…°ï¸
bi,b i,ğŸ…±ï¸â„¹ï¸
bo,b o,ğŸ…±ï¸ğŸ…¾ï¸
bs,b s,ğŸ…±ï¸ğŸ’²
bs,b s,ğŸ…±ï¸ğŸ’²
cc,c c,Â©ï¸Â©ï¸
cl,cl,ğŸ†‘
cm,c m,Â©ï¸â“‚
co,c o,Â©ï¸ğŸ…¾ï¸
cs,c s,Â©ï¸ğŸ’²
ia,i a,â„¹ï¸ğŸ…°ï¸
ic,i c,â„¹ï¸Â©ï¸
id,id,ğŸ†”
ii,i i,â„¹ï¸â„¹ï¸
io,i o,â„¹ï¸ğŸ…¾ï¸
ip,i p,â„¹ï¸ğŸ…¿ï¸
is,i s,â„¹ï¸ğŸ’²
ma,m a,â“‚ğŸ…°ï¸
ma,m a,â“‚ğŸ…°ï¸
ma,m a,â“‚ğŸ…°ï¸
ma,m a,â“‚ğŸ…°ï¸
mb,m b,â“‚ğŸ…±ï¸
mb,m b,â“‚ğŸ…±ï¸
mi,m i,â“‚â„¹ï¸
mm,m m,â“‚â“‚
mo,m o,â“‚ğŸ…¾ï¸
mp,m p,â“‚ğŸ…¿ï¸
ms,m s,â“‚ğŸ’²
ms,m s,â“‚ğŸ’²
ng,ng,ğŸ†–
om,o m,ğŸ…¾ï¸â“‚
on,on,ğŸ”›
op,o p,ğŸ…¾ï¸ğŸ…¿ï¸
or,o r,ğŸ…¾ï¸Â®ï¸
os,o s,ğŸ…¾ï¸ğŸ’²
pa,p a,ğŸ…¿ï¸ğŸ…°ï¸
pc,p c,ğŸ…¿ï¸Â©ï¸
pi,p i,ğŸ…¿ï¸â„¹ï¸
po,p o,ğŸ…¿ï¸ğŸ…¾ï¸
po,p o,ğŸ…¿ï¸ğŸ…¾ï¸
pr,p r,ğŸ…¿ï¸Â®ï¸
ps,p s,ğŸ…¿ï¸ğŸ’²
ps,p s,ğŸ…¿ï¸ğŸ’²
ra,r a,Â®ï¸ğŸ…°ï¸
rs,r s,Â®ï¸ğŸ’²
sa,s a,ğŸ’²ğŸ…°ï¸
si,s i,ğŸ’²â„¹ï¸
sm,s m,ğŸ’²â“‚
so,s o,ğŸ’²ğŸ…¾ï¸
sp,s p,ğŸ’²ğŸ…¿ï¸
ss,s s,ğŸ’²ğŸ’²
ss,s s,ğŸ’²ğŸ’²
vs,vs,ğŸ†š
vs,vs,ğŸ†š
wc,wc,ğŸš¾
a,a,ğŸ…°ï¸
a,a,ğŸ…°ï¸
b,b,ğŸ…±ï¸
c,c,Â©ï¸
c,c,Â©ï¸
i,i,â„¹ï¸
m,m,â“‚
m,m,â“‚
o,o,ğŸ…¾ï¸
p,p,ğŸ…¿ï¸
s,s,ğŸ’²
s,s,ğŸ’²
